timestamp,ratio,ear_shoulder_dist,shoulder_width,head_center_x,shoulder_center_x,head_offset_x,shoulder_slope,ear_slope,left_ear_y,right_ear_y,left_shoulder_y,right_shoulder_y,label
2026-05-31 12:25:38,0.4883,146.0,299,290.0,306.5,-16.5,0,0,220,220,366,366,good
2026-05-31 12:25:39,0.4932,144.0,292,290.5,307.0,-16.5,0,0,221,221,365,365,good
2026-05-31 12:25:39,0.4897,142.0,290,290.5,306.0,-15.5,0,0,222,222,364,364,good
2026-05-31 12:25:39,0.4949,145.0,293,290.5,304.5,-14.0,0,0,222,222,367,367,good
2026-05-31 12:25:39,0.4966,144.0,290,291.0,303.0,-12.0,0,0,222,222,366,366,good
2026-05-31 12:25:39,0.4965,143.0,288,292.5,302.0,-9.5,0,0,222,222,365,365,good
2026-05-31 12:25:40,0.4948,142.0,287,295.0,301.5,-6.5,0,0,222,222,364,364,good
2026-05-31 12:25:40,0.4965,140.0,282,296.0,305.0,-9.0,0,0,222,222,362,362,good
2026-05-31 12:25:40,0.4982,140.0,281,296.0,305.5,-9.5,0,0,222,222,362,362,good
2026-05-31 12:25:40,0.5035,143.0,284,295.0,305.0,-10.0,0,0,222,222,365,365,good
2026-05-31 12:25:41,0.507,144.0,284,294.5,305.0,-10.5,0,0,222,222,366,366,good
2026-05-31 12:25:41,0.5053,144.0,285,294.5,304.5,-10.0,0,0,222,222,366,366,good
2026-05-31 12:25:41,0.5,146.0,292,293.0,304.0,-11.0,0,0,222,222,368,368,good
2026-05-31 12:25:41,0.4915,144.0,293,292.0,305.5,-13.5,0,0,226,226,370,370,good
2026-05-31 12:25:41,0.4846,142.0,293,290.0,304.5,-14.5,0,0,226,226,368,368,good
2026-05-31 12:25:42,0.483,142.0,294,289.5,305.0,-15.5,0,0,225,225,367,367,good
2026-05-31 12:25:42,0.4847,143.0,295,288.5,304.5,-16.0,0,0,222,222,365,365,good
2026-05-31 12:25:42,0.4864,143.0,294,289.5,305.0,-15.5,0,0,221,221,364,364,good
2026-05-31 12:25:42,0.4881,143.0,293,290.5,305.5,-15.0,0,0,221,221,364,364,good
2026-05-31 12:25:42,0.483,142.0,294,291.5,306.0,-14.5,0,0,222,222,364,364,good
2026-05-31 12:25:43,0.4831,143.0,296,292.0,306.0,-14.0,0,0,222,222,365,365,good
2026-05-31 12:25:43,0.4848,144.0,297,292.0,306.5,-14.5,0,0,222,222,366,366,good
2026-05-31 12:25:43,0.4765,142.0,298,292.0,307.0,-15.0,0,0,223,223,365,365,good
2026-05-31 12:25:43,0.4747,141.0,297,292.5,307.5,-15.0,0,0,224,224,365,365,good
2026-05-31 12:25:44,0.4746,140.0,295,292.5,308.5,-16.0,0,0,224,224,364,364,good
2026-05-31 12:25:44,0.4799,143.0,298,292.5,309.0,-16.5,0,0,224,224,367,367,good
2026-05-31 12:25:44,0.4764,141.0,296,292.5,310.0,-17.5,0,0,225,225,366,366,good
2026-05-31 12:25:44,0.4764,141.0,296,292.5,310.0,-17.5,0,0,225,225,366,366,good
2026-05-31 12:25:44,0.4732,141.0,298,293.0,309.0,-16.0,0,0,225,225,366,366,good
2026-05-31 12:25:45,0.4714,140.0,297,295.0,308.5,-13.5,0,0,225,225,365,365,good
2026-05-31 12:25:45,0.473,140.0,296,295.5,308.0,-12.5,0,0,225,225,365,365,good
2026-05-31 12:25:45,0.4678,138.0,295,296.5,307.5,-11.0,0,0,226,226,364,364,good
2026-05-31 12:25:45,0.4712,139.0,295,296.5,307.5,-11.0,0,0,226,226,365,365,good
2026-05-31 12:25:46,0.466,137.0,294,296.5,307.0,-10.5,0,0,226,226,363,363,good
2026-05-31 12:25:46,0.468,139.0,297,296.5,306.5,-10.0,0,0,224,224,363,363,good
2026-05-31 12:25:46,0.4733,142.0,300,292.5,304.0,-11.5,0,0,222,222,364,364,good
2026-05-31 12:25:46,0.4797,142.0,296,290.5,303.0,-12.5,0,0,221,221,363,363,good
2026-05-31 12:25:46,0.4797,142.0,296,291.5,304.0,-12.5,0,0,219,219,361,361,good
2026-05-31 12:25:47,0.4816,144.0,299,291.5,305.5,-14.0,0,0,217,217,361,361,good
2026-05-31 12:25:47,0.4833,145.0,300,291.5,305.0,-13.5,0,0,216,216,361,361,good
2026-05-31 12:25:47,0.49,147.0,300,292.0,305.0,-13.0,0,0,214,214,361,361,good
2026-05-31 12:25:47,0.49,147.0,300,293.5,305.0,-11.5,0,0,214,214,361,361,good
2026-05-31 12:25:48,0.485,146.0,301,294.0,306.5,-12.5,0,0,215,215,361,361,good
2026-05-31 12:25:48,0.4817,145.0,301,295.0,307.5,-12.5,0,0,216,216,361,361,good
2026-05-31 12:25:48,0.4785,145.0,303,294.5,307.5,-13.0,0,0,217,217,362,362,good
2026-05-31 12:25:48,0.4834,146.0,302,292.0,304.0,-12.0,0,0,217,217,363,363,good
2026-05-31 12:25:48,0.4818,146.0,303,288.5,302.5,-14.0,0,0,217,217,363,363,good
2026-05-31 12:25:49,0.4851,147.0,303,287.0,302.5,-15.5,0,0,217,217,364,364,good
2026-05-31 12:25:49,0.4851,147.0,303,286.5,302.5,-16.0,0,0,217,217,364,364,good
2026-05-31 12:25:49,0.4836,147.0,304,282.0,300.0,-18.0,0,0,217,217,364,364,good
2026-05-31 12:25:49,0.4885,149.0,305,280.0,297.5,-17.5,0,0,216,216,365,365,good
2026-05-31 12:25:50,0.49,147.0,300,281.0,298.0,-17.0,0,0,216,216,363,363,good
2026-05-31 12:25:50,0.4849,145.0,299,282.5,299.5,-17.0,0,0,215,215,360,360,good
2026-05-31 12:25:50,0.4848,144.0,297,285.5,303.5,-18.0,0,0,214,214,358,358,good
2026-05-31 12:25:50,0.4882,145.0,297,288.0,303.5,-15.5,0,0,213,213,358,358,good
2026-05-31 12:25:51,0.4932,146.0,296,290.0,305.0,-15.0,0,0,213,213,359,359,good
2026-05-31 12:25:51,0.4915,145.0,295,290.0,304.5,-14.5,0,0,213,213,358,358,good
2026-05-31 12:25:51,0.4915,145.0,295,289.0,303.5,-14.5,0,0,213,213,358,358,good
2026-05-31 12:25:51,0.4898,144.0,294,288.5,303.0,-14.5,0,0,214,214,358,358,good
2026-05-31 12:25:51,0.4881,143.0,293,286.5,302.5,-16.0,0,0,214,214,357,357,good
2026-05-31 12:25:52,0.4898,144.0,294,286.0,302.0,-16.0,0,0,214,214,358,358,good
2026-05-31 12:25:52,0.4915,144.0,293,286.0,302.5,-16.5,0,0,214,214,358,358,good
2026-05-31 12:25:52,0.4898,144.0,294,286.0,302.0,-16.0,0,0,214,214,358,358,good
2026-05-31 12:25:52,0.4864,143.0,294,285.5,301.0,-15.5,0,0,214,214,357,357,good
2026-05-31 12:25:53,0.4881,143.0,293,286.0,300.5,-14.5,0,0,214,214,357,357,good
2026-05-31 12:25:53,0.4881,143.0,293,285.5,299.5,-14.0,0,0,214,214,357,357,good
2026-05-31 12:25:53,0.4898,144.0,294,285.5,299.0,-13.5,0,0,213,213,357,357,good
2026-05-31 12:25:53,0.4899,145.0,296,285.0,299.0,-14.0,0,0,213,213,358,358,good
2026-05-31 12:25:54,0.4932,146.0,296,285.0,299.0,-14.0,0,0,212,212,358,358,good
2026-05-31 12:25:54,0.4932,146.0,296,285.0,299.0,-14.0,0,0,212,212,358,358,good
2026-05-31 12:25:54,0.4915,145.0,295,286.0,299.5,-13.5,0,0,212,212,357,357,good
2026-05-31 12:25:54,0.4949,146.0,295,286.0,299.5,-13.5,0,0,212,212,358,358,good
2026-05-31 12:25:55,0.4966,147.0,296,286.5,299.0,-12.5,0,0,211,211,358,358,good
2026-05-31 12:25:55,0.4932,146.0,296,287.5,299.0,-11.5,0,0,212,212,358,358,good
2026-05-31 12:25:55,0.4949,146.0,295,288.5,299.5,-11.0,0,0,212,212,358,358,good
2026-05-31 12:25:55,0.4932,145.0,294,289.5,300.0,-10.5,0,0,212,212,357,357,good
2026-05-31 12:25:56,0.4932,145.0,294,289.5,300.0,-10.5,0,0,212,212,357,357,good
2026-05-31 12:25:56,0.4915,145.0,295,289.5,299.5,-10.0,0,0,213,213,358,358,good
2026-05-31 12:25:56,0.4932,145.0,294,289.0,300.0,-11.0,0,0,213,213,358,358,good
2026-05-31 12:25:56,0.4915,145.0,295,289.0,300.5,-11.5,0,0,213,213,358,358,good
2026-05-31 12:25:57,0.4916,146.0,297,286.5,301.5,-15.0,0,0,213,213,359,359,good
2026-05-31 12:25:57,0.4866,145.0,298,284.0,303.0,-19.0,0,0,213,213,358,358,good
2026-05-31 12:25:57,0.4865,144.0,296,284.0,304.0,-20.0,0,0,214,214,358,358,good
2026-05-31 12:25:57,0.4832,144.0,298,282.5,305.0,-22.5,0,0,215,215,359,359,good
2026-05-31 12:25:57,0.4884,147.0,301,282.0,300.5,-18.5,0,0,212,212,359,359,good
2026-05-31 12:25:58,0.4917,149.0,303,287.0,298.5,-11.5,0,0,212,212,361,361,good
2026-05-31 12:25:58,0.4918,150.0,305,293.0,298.5,-5.5,0,0,213,213,363,363,good
2026-05-31 12:25:58,0.4918,150.0,305,294.5,298.5,-4.0,0,0,213,213,363,363,good
2026-05-31 12:25:58,0.4984,152.0,305,295.0,298.5,-3.5,0,0,212,212,364,364,good
2026-05-31 12:25:59,0.4951,151.0,305,294.0,298.5,-4.5,0,0,212,212,363,363,good
2026-05-31 12:25:59,0.4951,151.0,305,293.0,298.5,-5.5,0,0,212,212,363,363,good
2026-05-31 12:25:59,0.4951,152.0,307,291.5,297.5,-6.0,0,0,212,212,364,364,good
2026-05-31 12:25:59,0.4951,152.0,307,290.5,297.5,-7.0,0,0,212,212,364,364,good
2026-05-31 12:25:59,0.4984,153.0,307,290.0,298.5,-8.5,0,0,211,211,364,364,good
2026-05-31 12:26:00,0.4983,151.0,303,289.0,300.5,-11.5,0,0,212,212,363,363,good
2026-05-31 12:26:00,0.4849,145.0,299,292.0,305.5,-13.5,0,0,218,218,363,363,good
2026-05-31 12:26:00,0.4801,145.0,302,293.5,308.0,-14.5,0,0,220,220,365,365,good
2026-05-31 12:26:00,0.4818,146.0,303,293.5,307.5,-14.0,0,0,220,220,366,366,good
2026-05-31 12:26:01,0.4831,143.0,296,293.5,305.0,-11.5,0,0,223,223,366,366,good
2026-05-31 12:26:01,0.4863,142.0,292,292.5,306.0,-13.5,0,0,224,224,366,366,good
2026-05-31 12:26:01,0.4826,139.0,288,292.5,307.0,-14.5,0,0,226,226,365,365,good
2026-05-31 12:26:01,0.479,137.0,286,294.0,308.0,-14.0,0,0,227,227,364,364,good
2026-05-31 12:26:01,0.4807,137.0,285,294.5,308.5,-14.0,0,0,227,227,364,364,good
2026-05-31 12:26:02,0.479,137.0,286,294.5,308.0,-13.5,0,0,228,228,365,365,good
2026-05-31 12:26:02,0.4772,136.0,285,293.5,307.5,-14.0,0,0,229,229,365,365,good
2026-05-31 12:26:02,0.4789,136.0,284,293.0,308.0,-15.0,0,0,229,229,365,365,good
2026-05-31 12:26:02,0.477,135.0,283,293.5,308.5,-15.0,0,0,229,229,364,364,good
2026-05-31 12:26:02,0.4789,136.0,284,293.5,308.0,-14.5,0,0,229,229,365,365,good
2026-05-31 12:26:03,0.4752,134.0,282,293.5,309.0,-15.5,0,0,229,229,363,363,good
2026-05-31 12:26:03,0.4772,136.0,285,293.5,309.5,-16.0,0,0,229,229,365,365,good
2026-05-31 12:26:03,0.4772,136.0,285,293.5,309.5,-16.0,0,0,229,229,365,365,good
2026-05-31 12:26:03,0.4787,135.0,282,294.0,310.0,-16.0,0,0,228,228,363,363,good
2026-05-31 12:26:04,0.4754,135.0,284,294.0,310.0,-16.0,0,0,228,228,363,363,good
2026-05-31 12:26:04,0.4787,135.0,282,294.5,310.0,-15.5,0,0,228,228,363,363,good
2026-05-31 12:26:04,0.4804,135.0,281,295.0,310.5,-15.5,0,0,228,228,363,363,good
2026-05-31 12:26:04,0.4787,135.0,282,294.0,310.0,-16.0,0,0,228,228,363,363,good
2026-05-31 12:26:05,0.4806,136.0,283,294.5,309.5,-15.0,0,0,228,228,364,364,good
2026-05-31 12:26:05,0.4842,138.0,285,295.0,309.5,-14.5,0,0,227,227,365,365,good
2026-05-31 12:26:05,0.486,139.0,286,295.5,309.0,-13.5,0,0,227,227,366,366,good
2026-05-31 12:26:05,0.4826,139.0,288,295.5,309.0,-13.5,0,0,227,227,366,366,good
2026-05-31 12:26:05,0.4843,139.0,287,295.5,308.5,-13.0,0,0,227,227,366,366,good
2026-05-31 12:26:06,0.4843,139.0,287,295.5,308.5,-13.0,0,0,227,227,366,366,good
2026-05-31 12:26:06,0.4826,139.0,288,295.5,309.0,-13.5,0,0,227,227,366,366,good
2026-05-31 12:26:06,0.4826,139.0,288,295.5,309.0,-13.5,0,0,227,227,366,366,good
2026-05-31 12:26:06,0.4808,138.0,287,295.5,308.5,-13.0,0,0,227,227,365,365,good
2026-05-31 12:26:06,0.4826,139.0,288,295.5,309.0,-13.5,0,0,227,227,366,366,good
2026-05-31 12:26:07,0.4826,139.0,288,295.5,309.0,-13.5,0,0,227,227,366,366,good
2026-05-31 12:26:07,0.481,139.0,289,295.5,309.5,-14.0,0,0,227,227,366,366,good
2026-05-31 12:26:07,0.481,139.0,289,295.0,309.5,-14.5,0,0,227,227,366,366,good
2026-05-31 12:26:07,0.4775,138.0,289,295.0,309.5,-14.5,0,0,227,227,365,365,good
2026-05-31 12:26:08,0.4777,139.0,291,294.5,308.5,-14.0,0,0,227,227,366,366,good
2026-05-31 12:26:08,0.4966,144.0,290,294.5,308.0,-13.5,0,0,225,225,369,369,good
2026-05-31 12:26:08,0.4966,144.0,290,294.5,308.0,-13.5,0,0,225,225,369,369,good
2026-05-31 12:26:08,0.4983,145.0,291,294.5,307.5,-13.0,0,0,224,224,369,369,good
2026-05-31 12:26:18,0.4085,134.0,328,284.0,301.0,-17.0,0,0,209,209,343,343,bad_forward
2026-05-31 12:26:18,0.4061,134.0,330,284.5,301.0,-16.5,0,0,210,210,344,344,bad_forward
2026-05-31 12:26:18,0.3988,132.0,331,284.5,300.5,-16.0,0,0,211,211,343,343,bad_forward
2026-05-31 12:26:18,0.4018,133.0,331,285.0,300.5,-15.5,0,0,211,211,344,344,bad_forward
2026-05-31 12:26:18,0.4,130.0,325,286.0,304.5,-18.5,0,0,213,213,343,343,bad_forward
2026-05-31 12:26:19,0.3944,127.0,322,290.5,308.0,-17.5,0,0,213,213,340,340,bad_forward
2026-05-31 12:26:19,0.3815,124.0,325,291.0,308.5,-17.5,0,0,216,216,340,340,bad_forward
2026-05-31 12:26:19,0.3785,123.0,325,289.5,306.5,-17.0,0,0,217,217,340,340,bad_forward
2026-05-31 12:26:19,0.3761,123.0,327,287.0,305.5,-18.5,0,0,218,218,341,341,bad_forward
2026-05-31 12:26:20,0.3867,128.0,331,285.0,306.5,-21.5,0,0,219,219,347,347,bad_forward
2026-05-31 12:26:20,0.3886,129.0,332,280.5,305.0,-24.5,0,0,218,218,347,347,bad_forward
2026-05-31 12:26:20,0.3818,126.0,330,280.0,305.0,-25.0,0,0,220,220,346,346,bad_forward
2026-05-31 12:26:20,0.3765,125.0,332,280.5,307.0,-26.5,0,0,221,221,346,346,bad_forward
2026-05-31 12:26:20,0.3754,125.0,333,279.0,306.5,-27.5,0,0,222,222,347,347,bad_forward
2026-05-31 12:26:21,0.3761,126.0,335,279.0,305.5,-26.5,0,0,223,223,349,349,bad_forward
2026-05-31 12:26:21,0.3694,123.0,333,279.0,304.5,-25.5,0,0,224,224,347,347,bad_forward
2026-05-31 12:26:21,0.3851,129.0,335,282.0,305.5,-23.5,0,0,219,219,348,348,bad_forward
2026-05-31 12:26:21,0.4084,136.0,333,287.0,307.5,-20.5,0,0,213,213,349,349,bad_forward
2026-05-31 12:26:21,0.4128,135.0,327,287.5,306.5,-19.0,0,0,214,214,349,349,bad_forward
2026-05-31 12:26:22,0.4141,135.0,326,286.5,306.0,-19.5,0,0,215,215,350,350,bad_forward
2026-05-31 12:26:22,0.4141,135.0,326,285.0,306.0,-21.0,0,0,215,215,350,350,bad_forward
2026-05-31 12:26:22,0.4098,134.0,327,285.0,306.5,-21.5,0,0,216,216,350,350,bad_forward
2026-05-31 12:26:22,0.4128,135.0,327,285.0,307.5,-22.5,0,0,216,216,351,351,bad_forward
2026-05-31 12:26:23,0.4055,133.0,328,284.5,308.0,-23.5,0,0,217,217,350,350,bad_forward
2026-05-31 12:26:23,0.4043,133.0,329,284.5,307.5,-23.0,0,0,218,218,351,351,bad_forward
2026-05-31 12:26:23,0.4012,132.0,329,284.5,308.5,-24.0,0,0,218,218,350,350,bad_forward
2026-05-31 12:26:23,0.4024,132.0,328,284.0,308.0,-24.0,0,0,218,218,350,350,bad_forward
2026-05-31 12:26:23,0.3994,131.0,328,284.0,308.0,-24.0,0,0,219,219,350,350,bad_forward
2026-05-31 12:26:24,0.403,133.0,330,284.0,308.0,-24.0,0,0,218,218,351,351,bad_forward
2026-05-31 12:26:24,0.403,133.0,330,284.0,308.0,-24.0,0,0,218,218,351,351,bad_forward
2026-05-31 12:26:24,0.4006,133.0,332,283.0,309.0,-26.0,0,0,218,218,351,351,bad_forward
2026-05-31 12:26:24,0.3916,130.0,332,282.0,309.0,-27.0,0,0,219,219,349,349,bad_forward
2026-05-31 12:26:25,0.3877,126.0,325,285.0,316.5,-31.5,0,0,217,217,343,343,bad_forward
2026-05-31 12:26:25,0.3785,123.0,325,287.5,320.5,-33.0,0,0,219,219,342,342,bad_forward
2026-05-31 12:26:25,0.3834,125.0,326,288.5,321.0,-32.5,0,0,221,221,346,346,bad_forward
2026-05-31 12:26:25,0.3884,127.0,327,288.5,321.5,-33.0,0,0,221,221,348,348,bad_forward
2026-05-31 12:26:25,0.3804,124.0,326,287.5,321.0,-33.5,0,0,223,223,347,347,bad_forward
2026-05-31 12:26:26,0.3773,123.0,326,286.5,321.0,-34.5,0,0,224,224,347,347,bad_forward
2026-05-31 12:26:26,0.3792,124.0,327,286.0,320.5,-34.5,0,0,223,223,347,347,bad_forward
2026-05-31 12:26:26,0.3731,122.0,327,286.0,320.5,-34.5,0,0,224,224,346,346,bad_forward
2026-05-31 12:26:26,0.3754,122.0,325,290.5,319.5,-29.0,0,0,224,224,346,346,bad_forward
2026-05-31 12:26:27,0.3742,122.0,326,298.5,319.0,-20.5,0,0,224,224,346,346,bad_forward
2026-05-31 12:26:27,0.3754,122.0,325,300.0,318.5,-18.5,0,0,224,224,346,346,bad_forward
2026-05-31 12:26:27,0.3777,122.0,323,301.0,318.5,-17.5,0,0,224,224,346,346,bad_forward
2026-05-31 12:26:27,0.3777,122.0,323,302.5,318.5,-16.0,0,0,223,223,345,345,bad_forward
2026-05-31 12:26:27,0.3789,122.0,322,303.0,318.0,-15.0,0,0,223,223,345,345,bad_forward
2026-05-31 12:26:28,0.3801,122.0,321,302.5,317.5,-15.0,0,0,223,223,345,345,bad_forward
2026-05-31 12:26:28,0.3812,122.0,320,301.5,318.0,-16.5,0,0,223,223,345,345,bad_forward
2026-05-31 12:26:28,0.3875,124.0,320,299.5,319.0,-19.5,0,0,222,222,346,346,bad_forward
2026-05-31 12:26:28,0.392,127.0,324,296.0,321.0,-25.0,0,0,222,222,349,349,bad_forward
2026-05-31 12:26:29,0.3896,127.0,326,294.0,321.0,-27.0,0,0,222,222,349,349,bad_forward
2026-05-31 12:26:29,0.3914,128.0,327,293.5,321.5,-28.0,0,0,221,221,349,349,bad_forward
2026-05-31 12:26:29,0.3938,128.0,325,293.5,321.5,-28.0,0,0,221,221,349,349,bad_forward
2026-05-31 12:26:29,0.3926,128.0,326,293.0,321.0,-28.0,0,0,221,221,349,349,bad_forward
2026-05-31 12:26:29,0.3896,127.0,326,292.5,321.0,-28.5,0,0,222,222,349,349,bad_forward
2026-05-31 12:26:30,0.3938,128.0,325,292.5,320.5,-28.0,0,0,221,221,349,349,bad_forward
2026-05-31 12:26:30,0.392,127.0,324,292.5,320.0,-27.5,0,0,222,222,349,349,bad_forward
2026-05-31 12:26:30,0.3901,126.0,323,293.0,319.5,-26.5,0,0,222,222,348,348,bad_forward
2026-05-31 12:26:30,0.4107,131.0,319,296.5,317.5,-21.0,0,0,215,215,346,346,bad_forward
2026-05-31 12:26:31,0.4615,144.0,312,297.5,314.0,-16.5,0,0,204,204,348,348,bad_forward
2026-05-31 12:26:31,0.4935,152.0,308,296.0,312.0,-16.0,0,0,203,203,355,355,bad_forward
2026-05-31 12:26:31,0.4951,152.0,307,290.0,307.5,-17.5,0,0,206,206,358,358,bad_forward
2026-05-31 12:26:31,0.4885,149.0,305,285.0,301.5,-16.5,0,0,209,209,358,358,bad_forward
2026-05-31 12:26:58,0.4787,135.0,282,296.0,314.0,-18.0,0,0,225,225,360,360,good
2026-05-31 12:26:58,0.4792,138.0,288,300.5,317.0,-16.5,0,0,224,224,362,362,good
2026-05-31 12:26:58,0.4811,140.0,291,300.5,315.5,-15.0,0,0,223,223,363,363,good
2026-05-31 12:26:58,0.4862,141.0,290,299.5,315.0,-15.5,0,0,223,223,364,364,good
2026-05-31 12:26:58,0.4913,142.0,289,299.0,314.5,-15.5,0,0,223,223,365,365,good
2026-05-31 12:26:59,0.5,143.0,286,299.0,313.0,-14.0,0,0,223,223,366,366,good
2026-05-31 12:26:59,0.4965,142.0,286,299.0,313.0,-14.0,0,0,224,224,366,366,good
2026-05-31 12:26:59,0.5,143.0,286,299.0,314.0,-15.0,0,0,224,224,367,367,good
2026-05-31 12:26:59,0.4983,143.0,287,298.5,313.5,-15.0,0,0,224,224,367,367,good
2026-05-31 12:27:00,0.4983,143.0,287,298.0,313.5,-15.5,0,0,224,224,367,367,good
2026-05-31 12:27:00,0.4948,142.0,287,298.0,312.5,-14.5,0,0,224,224,366,366,good
2026-05-31 12:27:00,0.4913,141.0,287,298.0,312.5,-14.5,0,0,225,225,366,366,good
2026-05-31 12:27:00,0.4913,141.0,287,298.0,312.5,-14.5,0,0,225,225,366,366,good
2026-05-31 12:27:00,0.4913,141.0,287,298.0,312.5,-14.5,0,0,225,225,366,366,good
2026-05-31 12:27:01,0.4965,142.0,286,298.0,313.0,-15.0,0,0,225,225,367,367,good
2026-05-31 12:27:01,0.4965,142.0,286,298.0,313.0,-15.0,0,0,225,225,367,367,good
2026-05-31 12:27:01,0.4948,142.0,287,297.0,312.5,-15.5,0,0,225,225,367,367,good
2026-05-31 12:27:01,0.4948,142.0,287,297.0,312.5,-15.5,0,0,225,225,367,367,good
2026-05-31 12:27:02,0.4965,142.0,286,298.0,313.0,-15.0,0,0,225,225,367,367,good
2026-05-31 12:27:02,0.4948,142.0,287,298.0,313.5,-15.5,0,0,225,225,367,367,good
2026-05-31 12:27:02,0.4931,142.0,288,298.0,313.0,-15.0,0,0,225,225,367,367,good
2026-05-31 12:27:02,0.4931,142.0,288,298.0,313.0,-15.0,0,0,225,225,367,367,good
2026-05-31 12:27:02,0.4931,142.0,288,298.0,313.0,-15.0,0,0,225,225,367,367,good
2026-05-31 12:27:03,0.4948,142.0,287,298.0,313.5,-15.5,0,0,225,225,367,367,good
2026-05-31 12:27:03,0.4948,142.0,287,298.0,313.5,-15.5,0,0,225,225,367,367,good
2026-05-31 12:27:03,0.4931,142.0,288,298.0,313.0,-15.0,0,0,225,225,367,367,good
2026-05-31 12:27:03,0.4931,142.0,288,298.0,313.0,-15.0,0,0,225,225,367,367,good
2026-05-31 12:27:04,0.4931,142.0,288,298.0,313.0,-15.0,0,0,225,225,367,367,good
2026-05-31 12:27:04,0.4931,142.0,288,298.0,313.0,-15.0,0,0,225,225,367,367,good
2026-05-31 12:27:04,0.4948,142.0,287,299.0,313.5,-14.5,0,0,225,225,367,367,good
2026-05-31 12:27:04,0.4948,142.0,287,299.0,313.5,-14.5,0,0,225,225,367,367,good
2026-05-31 12:27:04,0.4948,142.0,287,299.0,313.5,-14.5,0,0,225,225,367,367,good
2026-05-31 12:27:05,0.4931,142.0,288,299.0,313.0,-14.0,0,0,225,225,367,367,good
2026-05-31 12:27:05,0.4913,141.0,287,299.0,313.5,-14.5,0,0,226,226,367,367,good
2026-05-31 12:27:05,0.4948,142.0,287,299.0,313.5,-14.5,0,0,225,225,367,367,good
2026-05-31 12:27:05,0.4931,142.0,288,299.0,313.0,-14.0,0,0,225,225,367,367,good
2026-05-31 12:27:05,0.4931,142.0,288,299.0,313.0,-14.0,0,0,225,225,367,367,good
2026-05-31 12:27:06,0.4931,142.0,288,299.0,313.0,-14.0,0,0,225,225,367,367,good
2026-05-31 12:27:06,0.4931,142.0,288,299.0,313.0,-14.0,0,0,225,225,367,367,good
2026-05-31 12:27:06,0.4896,141.0,288,299.0,313.0,-14.0,0,0,225,225,366,366,good
2026-05-31 12:27:06,0.4896,141.0,288,299.0,313.0,-14.0,0,0,225,225,366,366,good
2026-05-31 12:27:07,0.4931,142.0,288,299.0,313.0,-14.0,0,0,225,225,367,367,good
2026-05-31 12:27:07,0.4948,142.0,287,299.5,312.5,-13.0,0,0,225,225,367,367,good
2026-05-31 12:27:07,0.4983,143.0,287,299.5,312.5,-13.0,0,0,224,224,367,367,good
2026-05-31 12:27:07,0.4948,142.0,287,299.5,311.5,-12.0,0,0,224,224,366,366,good
2026-05-31 12:27:07,0.4948,142.0,287,299.5,311.5,-12.0,0,0,224,224,366,366,good
2026-05-31 12:27:10,0.4006,139.0,347,298.0,304.5,-6.5,0,0,208,208,347,347,bad_forward
2026-05-31 12:27:11,0.3994,139.0,348,299.0,307.0,-8.0,0,0,207,207,346,346,bad_forward
2026-05-31 12:27:11,0.3988,138.0,346,298.5,307.0,-8.5,0,0,208,208,346,346,bad_forward
2026-05-31 12:27:11,0.3878,133.0,343,295.0,308.5,-13.5,0,0,210,210,343,343,bad_forward
2026-05-31 12:27:11,0.3779,130.0,344,293.0,309.0,-16.0,0,0,214,214,344,344,bad_forward
2026-05-31 12:27:11,0.3692,127.0,344,296.5,310.0,-13.5,0,0,219,219,346,346,bad_forward
2026-05-31 12:27:12,0.3652,126.0,345,296.5,310.5,-14.0,0,0,220,220,346,346,bad_forward
2026-05-31 12:27:12,0.3634,125.0,344,297.5,311.0,-13.5,0,0,221,221,346,346,bad_forward
2026-05-31 12:27:12,0.3634,125.0,344,299.0,311.0,-12.0,0,0,222,222,347,347,bad_forward
2026-05-31 12:27:12,0.3594,124.0,345,298.5,310.5,-12.0,0,0,223,223,347,347,bad_forward
2026-05-31 12:27:12,0.3594,124.0,345,298.0,310.5,-12.5,0,0,223,223,347,347,bad_forward
2026-05-31 12:27:13,0.3584,124.0,346,297.0,311.0,-14.0,0,0,224,224,348,348,bad_forward
2026-05-31 12:27:13,0.3605,124.0,344,296.5,311.0,-14.5,0,0,223,223,347,347,bad_forward
2026-05-31 12:27:13,0.3605,124.0,344,296.5,311.0,-14.5,0,0,223,223,347,347,bad_forward
2026-05-31 12:27:13,0.3623,125.0,345,296.5,311.5,-15.0,0,0,222,222,347,347,bad_forward
2026-05-31 12:27:14,0.3642,126.0,346,296.5,312.0,-15.5,0,0,222,222,348,348,bad_forward
2026-05-31 12:27:14,0.3613,125.0,346,296.0,312.0,-16.0,0,0,223,223,348,348,bad_forward
2026-05-31 12:27:14,0.3642,126.0,346,296.0,312.0,-16.0,0,0,223,223,349,349,bad_forward
2026-05-31 12:27:14,0.3642,126.0,346,296.0,312.0,-16.0,0,0,222,222,348,348,bad_forward
2026-05-31 12:27:15,0.3594,124.0,345,296.5,311.5,-15.0,0,0,224,224,348,348,bad_forward
2026-05-31 12:27:15,0.3594,124.0,345,296.5,311.5,-15.0,0,0,224,224,348,348,bad_forward
2026-05-31 12:27:15,0.3623,125.0,345,296.0,311.5,-15.5,0,0,223,223,348,348,bad_forward
2026-05-31 12:27:15,0.3594,124.0,345,296.5,311.5,-15.0,0,0,224,224,348,348,bad_forward
2026-05-31 12:27:15,0.3594,124.0,345,296.5,311.5,-15.0,0,0,224,224,348,348,bad_forward
2026-05-31 12:27:16,0.3594,124.0,345,296.5,311.5,-15.0,0,0,224,224,348,348,bad_forward
2026-05-31 12:27:16,0.3584,124.0,346,296.5,311.0,-14.5,0,0,224,224,348,348,bad_forward
2026-05-31 12:27:16,0.3613,125.0,346,296.0,311.0,-15.0,0,0,223,223,348,348,bad_forward
2026-05-31 12:27:16,0.3584,124.0,346,296.0,312.0,-16.0,0,0,224,224,348,348,bad_forward
2026-05-31 12:27:16,0.3613,125.0,346,296.0,312.0,-16.0,0,0,224,224,349,349,bad_forward
2026-05-31 12:27:17,0.3623,125.0,345,296.5,311.5,-15.0,0,0,223,223,348,348,bad_forward
2026-05-31 12:27:17,0.3602,125.0,347,296.0,311.5,-15.5,0,0,224,224,349,349,bad_forward
2026-05-31 12:27:17,0.3594,124.0,345,296.5,311.5,-15.0,0,0,224,224,348,348,bad_forward
2026-05-31 12:27:17,0.3565,123.0,345,296.5,311.5,-15.0,0,0,224,224,347,347,bad_forward
2026-05-31 12:27:18,0.3576,123.0,344,296.5,311.0,-14.5,0,0,225,225,348,348,bad_forward
2026-05-31 12:27:18,0.3565,123.0,345,297.5,311.5,-14.0,0,0,225,225,348,348,bad_forward
2026-05-31 12:27:18,0.3576,123.0,344,297.5,311.0,-13.5,0,0,224,224,347,347,bad_forward
2026-05-31 12:27:18,0.3586,123.0,343,299.0,311.5,-12.5,0,0,224,224,347,347,bad_forward
2026-05-31 12:27:18,0.3565,123.0,345,299.0,311.5,-12.5,0,0,225,225,348,348,bad_forward
2026-05-31 12:27:19,0.3594,124.0,345,298.5,312.5,-14.0,0,0,224,224,348,348,bad_forward
2026-05-31 12:27:19,0.3584,124.0,346,298.5,312.0,-13.5,0,0,224,224,348,348,bad_forward
2026-05-31 12:27:19,0.3555,123.0,346,299.0,312.0,-13.0,0,0,225,225,348,348,bad_forward
2026-05-31 12:27:19,0.3555,123.0,346,299.0,312.0,-13.0,0,0,225,225,348,348,bad_forward
2026-05-31 12:27:19,0.3555,123.0,346,299.5,312.0,-12.5,0,0,225,225,348,348,bad_forward
2026-05-31 12:27:20,0.3555,123.0,346,299.5,312.0,-12.5,0,0,225,225,348,348,bad_forward
2026-05-31 12:27:20,0.3555,123.0,346,300.0,312.0,-12.0,0,0,225,225,348,348,bad_forward
2026-05-31 12:27:20,0.3584,124.0,346,299.5,312.0,-12.5,0,0,224,224,348,348,bad_forward
2026-05-31 12:27:27,0.4013,128.0,319,191.0,233.5,-42.5,0,0,235,235,363,363,bad_left
2026-05-31 12:27:27,0.3981,127.0,319,191.0,234.5,-43.5,0,0,238,238,365,365,bad_left
2026-05-31 12:27:27,0.4,128.0,320,191.0,234.0,-43.0,0,0,238,238,366,366,bad_left
2026-05-31 12:27:28,0.4,128.0,320,190.5,234.0,-43.5,0,0,239,239,367,367,bad_left
2026-05-31 12:27:28,0.3994,129.0,323,189.5,233.5,-44.0,0,0,240,240,369,369,bad_left
2026-05-31 12:27:28,0.3951,128.0,324,188.0,233.0,-45.0,0,0,241,241,369,369,bad_left
2026-05-31 12:27:28,0.3938,128.0,325,187.5,232.5,-45.0,0,0,241,241,369,369,bad_left
2026-05-31 12:27:28,0.3975,128.0,322,186.5,232.0,-45.5,0,0,241,241,369,369,bad_left
2026-05-31 12:27:29,0.3956,127.0,321,185.5,231.5,-46.0,0,0,242,242,369,369,bad_left
2026-05-31 12:27:29,0.3975,128.0,322,185.5,232.0,-46.5,0,0,242,242,370,370,bad_left
2026-05-31 12:27:29,0.3963,128.0,323,185.0,232.5,-47.5,0,0,242,242,370,370,bad_left
2026-05-31 12:27:29,0.3951,128.0,324,185.0,233.0,-48.0,0,0,242,242,370,370,bad_left
2026-05-31 12:27:29,0.392,127.0,324,185.5,233.0,-47.5,0,0,243,243,370,370,bad_left
2026-05-31 12:27:30,0.392,127.0,324,185.0,233.0,-48.0,0,0,243,243,370,370,bad_left
2026-05-31 12:27:30,0.3889,126.0,324,184.5,233.0,-48.5,0,0,244,244,370,370,bad_left
2026-05-31 12:27:30,0.387,125.0,323,184.5,232.5,-48.0,0,0,244,244,369,369,bad_left
2026-05-31 12:27:30,0.3808,123.0,323,184.0,232.5,-48.5,0,0,246,246,369,369,bad_left
2026-05-31 12:27:31,0.382,123.0,322,182.5,231.0,-48.5,0,0,246,246,369,369,bad_left
2026-05-31 12:27:31,0.3827,124.0,324,182.5,231.0,-48.5,0,0,246,246,370,370,bad_left
2026-05-31 12:27:31,0.3882,125.0,322,182.0,231.0,-49.0,0,0,245,245,370,370,bad_left
2026-05-31 12:27:31,0.3808,123.0,323,182.0,230.5,-48.5,0,0,246,246,369,369,bad_left
2026-05-31 12:27:31,0.3839,124.0,323,181.5,230.5,-49.0,0,0,246,246,370,370,bad_left
2026-05-31 12:27:32,0.3882,125.0,322,181.0,230.0,-49.0,0,0,245,245,370,370,bad_left
2026-05-31 12:27:32,0.3839,124.0,323,181.0,229.5,-48.5,0,0,246,246,370,370,bad_left
2026-05-31 12:27:32,0.3839,124.0,323,181.0,229.5,-48.5,0,0,246,246,370,370,bad_left
2026-05-31 12:27:32,0.3901,126.0,323,181.0,229.5,-48.5,0,0,245,245,371,371,bad_left
2026-05-31 12:27:33,0.3901,126.0,323,180.5,229.5,-49.0,0,0,245,245,371,371,bad_left
2026-05-31 12:27:33,0.387,125.0,323,180.0,229.5,-49.5,0,0,246,246,371,371,bad_left
2026-05-31 12:27:33,0.3827,124.0,324,180.0,229.0,-49.0,0,0,246,246,370,370,bad_left
2026-05-31 12:27:33,0.3858,125.0,324,179.0,229.0,-50.0,0,0,246,246,371,371,bad_left
2026-05-31 12:27:33,0.3808,123.0,323,179.0,228.5,-49.5,0,0,247,247,370,370,bad_left
2026-05-31 12:27:34,0.3808,123.0,323,178.5,228.5,-50.0,0,0,247,247,370,370,bad_left
2026-05-31 12:27:34,0.3839,124.0,323,178.5,228.5,-50.0,0,0,247,247,371,371,bad_left
2026-05-31 12:27:34,0.3827,124.0,324,178.5,228.0,-49.5,0,0,247,247,371,371,bad_left
2026-05-31 12:27:34,0.3839,124.0,323,178.5,228.5,-50.0,0,0,247,247,371,371,bad_left
2026-05-31 12:27:35,0.3846,125.0,325,178.5,228.5,-50.0,0,0,247,247,372,372,bad_left
2026-05-31 12:27:35,0.3827,124.0,324,178.5,228.0,-49.5,0,0,247,247,371,371,bad_left
2026-05-31 12:27:35,0.3777,122.0,323,178.0,228.5,-50.5,0,0,248,248,370,370,bad_left
2026-05-31 12:27:35,0.3808,123.0,323,177.5,227.5,-50.0,0,0,248,248,371,371,bad_left
2026-05-31 12:27:35,0.382,123.0,322,177.0,228.0,-51.0,0,0,247,247,370,370,bad_left
2026-05-31 12:27:36,0.3808,123.0,323,177.0,227.5,-50.5,0,0,248,248,371,371,bad_left
2026-05-31 12:27:36,0.3815,124.0,325,177.0,227.5,-50.5,0,0,247,247,371,371,bad_left
2026-05-31 12:27:36,0.3815,124.0,325,176.0,227.5,-51.5,0,0,247,247,371,371,bad_left
2026-05-31 12:27:36,0.3815,124.0,325,176.0,227.5,-51.5,0,0,247,247,371,371,bad_left
2026-05-31 12:27:37,0.3773,123.0,326,175.5,228.0,-52.5,0,0,248,248,371,371,bad_left
2026-05-31 12:27:37,0.3804,124.0,326,175.0,227.0,-52.0,0,0,248,248,372,372,bad_left
2026-05-31 12:27:42,0.3872,127.0,328,359.0,362.0,-3.0,0,0,223,223,350,350,bad_right
2026-05-31 12:27:42,0.3834,125.0,326,361.5,363.0,-1.5,0,0,225,225,350,350,bad_right
2026-05-31 12:27:43,0.3804,124.0,326,367.5,367.0,0.5,0,0,226,226,350,350,bad_right
2026-05-31 12:27:43,0.3896,120.0,308,374.0,380.0,-6.0,0,0,225,225,345,345,bad_right
2026-05-31 12:27:43,0.3846,115.0,299,377.5,384.5,-7.0,0,0,225,225,340,340,bad_right
2026-05-31 12:27:43,0.3795,115.0,303,385.0,387.5,-2.5,0,0,226,226,341,341,bad_right
2026-05-31 12:27:44,0.3766,116.0,308,385.5,387.0,-1.5,0,0,227,227,343,343,bad_right
2026-05-31 12:27:44,0.3718,116.0,312,385.5,386.0,-0.5,0,0,229,229,345,345,bad_right
2026-05-31 12:27:44,0.3726,117.0,314,387.0,385.0,2.0,0,0,230,230,347,347,bad_right
2026-05-31 12:27:44,0.3694,116.0,314,388.0,386.0,2.0,0,0,231,231,347,347,bad_right
2026-05-31 12:27:44,0.3694,116.0,314,389.0,387.0,2.0,0,0,231,231,347,347,bad_right
2026-05-31 12:27:45,0.3674,115.0,313,391.5,388.5,3.0,0,0,232,232,347,347,bad_right
2026-05-31 12:27:45,0.3642,114.0,313,392.5,388.5,4.0,0,0,233,233,347,347,bad_right
2026-05-31 12:27:45,0.3642,114.0,313,392.5,388.5,4.0,0,0,233,233,347,347,bad_right
2026-05-31 12:27:45,0.3642,114.0,313,392.0,388.5,3.5,0,0,233,233,347,347,bad_right
2026-05-31 12:27:46,0.3642,114.0,313,392.0,388.5,3.5,0,0,233,233,347,347,bad_right
2026-05-31 12:27:46,0.3642,114.0,313,392.0,388.5,3.5,0,0,233,233,347,347,bad_right
2026-05-31 12:27:46,0.3706,116.0,313,392.0,388.5,3.5,0,0,232,232,348,348,bad_right
2026-05-31 12:27:46,0.3662,115.0,314,392.5,389.0,3.5,0,0,233,233,348,348,bad_right
2026-05-31 12:27:46,0.3662,115.0,314,392.5,389.0,3.5,0,0,233,233,348,348,bad_right
2026-05-31 12:27:47,0.3662,115.0,314,393.0,389.0,4.0,0,0,233,233,348,348,bad_right
2026-05-31 12:27:47,0.3662,115.0,314,393.0,389.0,4.0,0,0,233,233,348,348,bad_right
2026-05-31 12:27:47,0.3674,115.0,313,393.0,389.5,3.5,0,0,233,233,348,348,bad_right
2026-05-31 12:27:47,0.3654,114.0,312,394.0,390.0,4.0,0,0,233,233,347,347,bad_right
2026-05-31 12:27:47,0.3654,114.0,312,394.0,390.0,4.0,0,0,233,233,347,347,bad_right
2026-05-31 12:27:48,0.361,113.0,313,394.5,390.5,4.0,0,0,233,233,346,346,bad_right
2026-05-31 12:27:48,0.361,113.0,313,395.0,390.5,4.5,0,0,233,233,346,346,bad_right
2026-05-31 12:27:48,0.3642,114.0,313,395.0,390.5,4.5,0,0,233,233,347,347,bad_right
2026-05-31 12:27:48,0.361,113.0,313,395.0,390.5,4.5,0,0,234,234,347,347,bad_right
2026-05-31 12:27:49,0.3654,114.0,312,395.5,391.0,4.5,0,0,233,233,347,347,bad_right
2026-05-31 12:27:49,0.3654,114.0,312,395.5,391.0,4.5,0,0,233,233,347,347,bad_right
2026-05-31 12:27:49,0.3622,113.0,312,395.5,391.0,4.5,0,0,234,234,347,347,bad_right
2026-05-31 12:27:49,0.3654,114.0,312,396.0,391.0,5.0,0,0,234,234,348,348,bad_right
2026-05-31 12:27:49,0.3601,112.0,311,396.5,390.5,6.0,0,0,235,235,347,347,bad_right
2026-05-31 12:27:50,0.3613,112.0,310,396.0,391.0,5.0,0,0,235,235,347,347,bad_right
2026-05-31 12:27:50,0.3601,112.0,311,396.0,391.5,4.5,0,0,234,234,346,346,bad_right
2026-05-31 12:27:50,0.3601,112.0,311,396.0,391.5,4.5,0,0,234,234,346,346,bad_right
2026-05-31 12:27:50,0.3622,113.0,312,396.0,391.0,5.0,0,0,235,235,348,348,bad_right
2026-05-31 12:27:51,0.3622,113.0,312,396.5,391.0,5.5,0,0,235,235,348,348,bad_right
2026-05-31 12:27:51,0.3633,113.0,311,396.5,391.5,5.0,0,0,234,234,347,347,bad_right
2026-05-31 12:27:51,0.3633,113.0,311,397.0,391.5,5.5,0,0,234,234,347,347,bad_right
2026-05-31 12:27:51,0.3645,113.0,310,397.0,391.0,6.0,0,0,234,234,347,347,bad_right
2026-05-31 12:27:51,0.3633,113.0,311,397.0,391.5,5.5,0,0,234,234,347,347,bad_right
2026-05-31 12:27:52,0.3622,113.0,312,396.5,391.0,5.5,0,0,234,234,347,347,bad_right
2026-05-31 12:27:52,0.3654,114.0,312,396.0,391.0,5.0,0,0,234,234,348,348,bad_right
2026-05-31 12:27:52,0.3633,113.0,311,396.5,390.5,6.0,0,0,234,234,347,347,bad_right
2026-05-31 12:28:08,0.4281,131.0,306,287.5,302.0,-14.5,0,0,235,235,366,366,bad_slouch
2026-05-31 12:28:08,0.4188,129.0,308,288.5,304.0,-15.5,0,0,241,241,370,370,bad_slouch
2026-05-31 12:28:09,0.3993,121.0,303,289.5,306.5,-17.0,0,0,251,251,372,372,bad_slouch
2026-05-31 12:28:09,0.3914,119.0,304,292.0,310.0,-18.0,0,0,257,257,376,376,bad_slouch
2026-05-31 12:28:09,0.3811,117.0,307,291.5,311.5,-20.0,0,0,266,266,383,383,bad_slouch
2026-05-31 12:28:09,0.3713,114.0,307,289.5,310.5,-21.0,0,0,273,273,387,387,bad_slouch
2026-05-31 12:28:10,0.3693,113.0,306,287.5,310.0,-22.5,0,0,275,275,388,388,bad_slouch
2026-05-31 12:28:11,0.3762,117.0,311,288.0,307.5,-19.5,0,0,275,275,392,392,bad_slouch
2026-05-31 12:28:11,0.3718,116.0,312,288.0,307.0,-19.0,0,0,276,276,392,392,bad_slouch
2026-05-31 12:28:11,0.3698,115.0,311,287.5,306.5,-19.0,0,0,278,278,393,393,bad_slouch
2026-05-31 12:28:11,0.3694,116.0,314,287.5,307.0,-19.5,0,0,278,278,394,394,bad_slouch
2026-05-31 12:28:11,0.3674,115.0,313,287.5,306.5,-19.0,0,0,278,278,393,393,bad_slouch
2026-05-31 12:28:12,0.3694,116.0,314,287.0,306.0,-19.0,0,0,278,278,394,394,bad_slouch
2026-05-31 12:28:12,0.3694,116.0,314,286.5,306.0,-19.5,0,0,278,278,394,394,bad_slouch
2026-05-31 12:28:12,0.3662,115.0,314,286.5,306.0,-19.5,0,0,278,278,393,393,bad_slouch
2026-05-31 12:28:12,0.3662,115.0,314,286.0,306.0,-20.0,0,0,278,278,393,393,bad_slouch
2026-05-31 12:28:13,0.3662,115.0,314,286.0,306.0,-20.0,0,0,278,278,393,393,bad_slouch
2026-05-31 12:28:13,0.3662,115.0,314,285.5,306.0,-20.5,0,0,278,278,393,393,bad_slouch
2026-05-31 12:28:13,0.3706,116.0,313,285.5,305.5,-20.0,0,0,277,277,393,393,bad_slouch
2026-05-31 12:28:13,0.3714,117.0,315,285.5,306.5,-21.0,0,0,277,277,394,394,bad_slouch
2026-05-31 12:28:13,0.3711,118.0,318,286.0,308.0,-22.0,0,0,277,277,395,395,bad_slouch
2026-05-31 12:28:14,0.373,119.0,319,286.0,308.5,-22.5,0,0,277,277,396,396,bad_slouch
2026-05-31 12:28:14,0.373,119.0,319,286.0,308.5,-22.5,0,0,277,277,396,396,bad_slouch
2026-05-31 12:28:14,0.3738,120.0,321,286.0,309.5,-23.5,0,0,277,277,397,397,bad_slouch
2026-05-31 12:28:14,0.3754,119.0,317,286.0,308.5,-22.5,0,0,277,277,396,396,bad_slouch
2026-05-31 12:28:15,0.3719,119.0,320,286.0,309.0,-23.0,0,0,277,277,396,396,bad_slouch
2026-05-31 12:28:15,0.3762,120.0,319,285.5,308.5,-23.0,0,0,277,277,397,397,bad_slouch
2026-05-31 12:28:15,0.3734,118.0,316,285.0,306.0,-21.0,0,0,277,277,395,395,bad_slouch
2026-05-31 12:28:15,0.3703,117.0,316,285.0,307.0,-22.0,0,0,277,277,394,394,bad_slouch
2026-05-31 12:28:15,0.3703,117.0,316,285.0,306.0,-21.0,0,0,277,277,394,394,bad_slouch
2026-05-31 12:28:16,0.3714,117.0,315,284.5,306.5,-22.0,0,0,277,277,394,394,bad_slouch
2026-05-31 12:28:16,0.3706,116.0,313,284.5,305.5,-21.0,0,0,277,277,393,393,bad_slouch
2026-05-31 12:28:16,0.3714,117.0,315,284.0,306.5,-22.5,0,0,277,277,394,394,bad_slouch
2026-05-31 12:28:16,0.3726,117.0,314,284.0,306.0,-22.0,0,0,277,277,394,394,bad_slouch
2026-05-31 12:28:16,0.3671,116.0,316,284.0,307.0,-23.0,0,0,277,277,393,393,bad_slouch
2026-05-31 12:28:17,0.3706,116.0,313,283.5,306.5,-23.0,0,0,277,277,393,393,bad_slouch
2026-05-31 12:28:17,0.3694,116.0,314,284.0,307.0,-23.0,0,0,278,278,394,394,bad_slouch
2026-05-31 12:28:17,0.3694,116.0,314,284.0,306.0,-22.0,0,0,278,278,394,394,bad_slouch
2026-05-31 12:28:17,0.3694,116.0,314,284.0,306.0,-22.0,0,0,278,278,394,394,bad_slouch
2026-05-31 12:28:18,0.3719,119.0,320,284.0,309.0,-25.0,0,0,277,277,396,396,bad_slouch
2026-05-31 12:28:18,0.373,119.0,319,284.0,308.5,-24.5,0,0,277,277,396,396,bad_slouch
2026-05-31 12:28:18,0.3719,119.0,320,285.0,309.0,-24.0,0,0,277,277,396,396,bad_slouch
2026-05-31 12:53:27,0.4939,163.0,330,295.0,314.0,-19.0,0,0,196,196,359,359,good
2026-05-31 12:53:28,0.4924,162.0,329,295.5,315.5,-20.0,0,0,197,197,359,359,good
2026-05-31 12:53:28,0.4939,163.0,330,296.0,315.0,-19.0,0,0,197,197,360,360,good
2026-05-31 12:53:28,0.4866,164.0,337,295.5,316.5,-21.0,0,0,198,198,362,362,good
2026-05-31 12:53:28,0.4882,166.0,340,295.5,318.0,-22.5,0,0,199,199,365,365,good
2026-05-31 12:53:28,0.4911,166.0,338,295.5,318.0,-22.5,0,0,200,200,366,366,good
2026-05-31 12:53:29,0.4985,167.0,335,297.0,318.5,-21.5,0,0,201,201,368,368,good
2026-05-31 12:53:29,0.4985,166.0,333,297.0,318.5,-21.5,0,0,208,208,374,374,good
2026-05-31 12:53:29,0.4985,164.0,329,297.5,320.5,-23.0,0,0,212,212,376,376,good
2026-05-31 12:53:29,0.4954,163.0,329,299.5,320.5,-21.0,0,0,211,211,374,374,good
2026-05-31 12:53:30,0.4985,164.0,329,298.5,320.5,-22.0,0,0,207,207,371,371,good
2026-05-31 12:53:30,0.5058,174.0,344,296.5,315.0,-18.5,0,0,198,198,372,372,good
2026-05-31 12:53:30,0.5129,179.0,349,295.0,317.5,-22.5,0,0,198,198,377,377,good
2026-05-31 12:53:30,0.5146,176.0,342,293.5,316.0,-22.5,0,0,200,200,376,376,good
2026-05-31 12:53:30,0.5182,171.0,330,294.5,313.0,-18.5,0,0,201,201,372,372,good
2026-05-31 12:53:31,0.5274,173.0,328,295.0,313.0,-18.0,0,0,199,199,372,372,good
2026-05-31 12:53:31,0.5276,172.0,326,295.5,311.0,-15.5,0,0,199,199,371,371,good
2026-05-31 12:53:31,0.5247,170.0,324,295.0,310.0,-15.0,0,0,201,201,371,371,good
2026-05-31 12:53:31,0.5108,165.0,323,293.5,310.5,-17.0,0,0,206,206,371,371,good
2026-05-31 12:53:32,0.5062,163.0,322,293.5,314.0,-20.5,0,0,210,210,373,373,good
2026-05-31 12:53:32,0.5077,164.0,323,293.5,315.5,-22.0,0,0,210,210,374,374,good
2026-05-31 12:53:32,0.5108,165.0,323,294.0,315.5,-21.5,0,0,211,211,376,376,good
2026-05-31 12:53:32,0.5093,164.0,322,294.5,315.0,-20.5,0,0,212,212,376,376,good
2026-05-31 12:53:32,0.5046,163.0,323,295.0,315.5,-20.5,0,0,213,213,376,376,good
2026-05-31 12:53:33,0.5046,163.0,323,295.0,315.5,-20.5,0,0,213,213,376,376,good
2026-05-31 12:53:33,0.5,164.0,328,295.0,314.0,-19.0,0,0,213,213,377,377,good
2026-05-31 12:53:33,0.5,165.0,330,293.5,314.0,-20.5,0,0,212,212,377,377,good
2026-05-31 12:53:33,0.4985,162.0,325,294.0,316.5,-22.5,0,0,212,212,374,374,good
2026-05-31 12:53:34,0.488,162.0,332,295.0,319.0,-24.0,0,0,210,210,372,372,good
2026-05-31 12:53:34,0.4836,162.0,335,294.5,318.5,-24.0,0,0,210,210,372,372,good
2026-05-31 12:53:34,0.491,163.0,332,294.0,317.0,-23.0,0,0,210,210,373,373,good
2026-05-31 12:53:34,0.488,162.0,332,293.5,317.0,-23.5,0,0,213,213,375,375,good
2026-05-31 12:53:34,0.4833,159.0,329,294.5,317.5,-23.0,0,0,215,215,374,374,good
2026-05-31 12:53:35,0.4833,159.0,329,294.5,318.5,-24.0,0,0,216,216,375,375,good
2026-05-31 12:53:35,0.4818,159.0,330,294.5,319.0,-24.5,0,0,216,216,375,375,good
2026-05-31 12:53:35,0.4818,159.0,330,294.5,319.0,-24.5,0,0,215,215,374,374,good
2026-05-31 12:53:35,0.4804,159.0,331,294.5,319.5,-25.0,0,0,215,215,374,374,good
2026-05-31 12:53:36,0.4834,160.0,331,295.0,318.5,-23.5,0,0,215,215,375,375,good
2026-05-31 12:53:36,0.4834,160.0,331,296.0,318.5,-22.5,0,0,215,215,375,375,good
2026-05-31 12:53:36,0.4848,160.0,330,296.5,317.0,-20.5,0,0,214,214,374,374,good
2026-05-31 12:53:36,0.4864,161.0,331,296.5,317.5,-21.0,0,0,213,213,374,374,good
2026-05-31 12:53:36,0.4879,161.0,330,296.5,317.0,-20.5,0,0,213,213,374,374,good
2026-05-31 12:53:37,0.4848,160.0,330,296.5,317.0,-20.5,0,0,213,213,373,373,good
2026-05-31 12:53:37,0.4864,161.0,331,297.0,316.5,-19.5,0,0,213,213,374,374,good
2026-05-31 12:53:37,0.4878,160.0,328,295.5,315.0,-19.5,0,0,213,213,373,373,good
2026-05-31 12:53:37,0.4848,160.0,330,295.5,315.0,-19.5,0,0,213,213,373,373,good
2026-05-31 13:03:24,0.4749,142.0,299,302.5,322.5,-20.0,0,0,217,217,359,359,good
2026-05-31 13:03:25,0.4719,143.0,303,309.0,327.5,-18.5,0,0,216,216,359,359,good
2026-05-31 13:03:25,0.477,145.0,304,310.0,327.0,-17.0,0,0,215,215,360,360,good
2026-05-31 13:03:25,0.4771,146.0,306,310.0,327.0,-17.0,0,0,214,214,360,360,good
2026-05-31 13:03:25,0.4756,146.0,307,310.5,328.5,-18.0,0,0,214,214,360,360,good
2026-05-31 13:03:25,0.4805,148.0,308,310.5,328.0,-17.5,0,0,212,212,360,360,good
2026-05-31 13:03:26,0.4806,149.0,310,308.5,323.0,-14.5,0,0,211,211,360,360,good
2026-05-31 13:03:26,0.4821,148.0,307,305.5,319.5,-14.0,0,0,212,212,360,360,good
2026-05-31 13:03:26,0.482,147.0,305,302.5,316.5,-14.0,0,0,213,213,360,360,good
2026-05-31 13:03:26,0.4853,149.0,307,301.5,315.5,-14.0,0,0,214,214,363,363,good
2026-05-31 13:03:27,0.4934,150.0,304,301.5,315.0,-13.5,0,0,213,213,363,363,good
2026-05-31 13:03:27,0.4934,149.0,302,301.5,315.0,-13.5,0,0,214,214,363,363,good
2026-05-31 13:03:27,0.4901,148.0,302,302.5,315.0,-12.5,0,0,215,215,363,363,good
2026-05-31 13:03:27,0.4884,148.0,303,302.0,314.5,-12.5,0,0,215,215,363,363,good
2026-05-31 13:03:27,0.4884,148.0,303,301.5,314.5,-13.0,0,0,215,215,363,363,good
2026-05-31 13:03:28,0.4934,149.0,302,300.5,314.0,-13.5,0,0,215,215,364,364,good
2026-05-31 13:03:28,0.4934,149.0,302,301.0,314.0,-13.0,0,0,215,215,364,364,good
2026-05-31 13:03:28,0.4934,149.0,302,301.5,314.0,-12.5,0,0,215,215,364,364,good
2026-05-31 13:03:28,0.4934,149.0,302,301.5,314.0,-12.5,0,0,215,215,364,364,good
2026-05-31 13:03:28,0.4967,150.0,302,300.5,314.0,-13.5,0,0,216,216,366,366,good
2026-05-31 13:03:29,0.4983,151.0,303,299.5,314.5,-15.0,0,0,217,217,368,368,good
2026-05-31 13:03:29,0.5,151.0,302,299.5,315.0,-15.5,0,0,217,217,368,368,good
2026-05-31 13:03:29,0.5033,152.0,302,299.5,316.0,-16.5,0,0,217,217,369,369,good
2026-05-31 13:03:29,0.505,152.0,301,299.5,317.5,-18.0,0,0,216,216,368,368,good
2026-05-31 13:03:30,0.5067,151.0,298,299.0,317.0,-18.0,0,0,215,215,366,366,good
2026-05-31 13:03:30,0.5051,150.0,297,298.5,316.5,-18.0,0,0,215,215,365,365,good
2026-05-31 13:03:30,0.5101,151.0,296,297.5,315.0,-17.5,0,0,215,215,366,366,good
2026-05-31 13:03:30,0.5084,151.0,297,297.5,313.5,-16.0,0,0,216,216,367,367,good
2026-05-31 13:03:30,0.5101,151.0,296,297.0,314.0,-17.0,0,0,217,217,368,368,good
2026-05-31 13:03:31,0.5153,152.0,295,298.0,315.5,-17.5,0,0,217,217,369,369,good
2026-05-31 13:03:31,0.5101,151.0,296,298.0,315.0,-17.0,0,0,217,217,368,368,good
2026-05-31 13:03:31,0.5168,154.0,298,298.0,316.0,-18.0,0,0,218,218,372,372,good
2026-05-31 13:03:31,0.5134,153.0,298,298.0,316.0,-18.0,0,0,219,219,372,372,good
2026-05-31 13:03:32,0.5117,153.0,299,298.0,315.5,-17.5,0,0,219,219,372,372,good
2026-05-31 13:03:32,0.5134,153.0,298,298.0,315.0,-17.0,0,0,219,219,372,372,good
2026-05-31 13:03:32,0.5101,152.0,298,298.0,314.0,-16.0,0,0,221,221,373,373,good
2026-05-31 13:03:32,0.5084,152.0,299,298.0,313.5,-15.5,0,0,222,222,374,374,good
2026-05-31 13:03:32,0.505,151.0,299,298.5,312.5,-14.0,0,0,224,224,375,375,good
2026-05-31 13:03:33,0.5084,152.0,299,299.0,312.5,-13.5,0,0,224,224,376,376,good
2026-05-31 13:03:33,0.505,151.0,299,299.0,312.5,-13.5,0,0,225,225,376,376,good
2026-05-31 13:03:33,0.505,151.0,299,299.5,312.5,-13.0,0,0,225,225,376,376,good
2026-05-31 13:03:33,0.5017,150.0,299,299.0,312.5,-13.5,0,0,226,226,376,376,good
2026-05-31 13:03:34,0.4966,148.0,298,299.5,313.0,-13.5,0,0,228,228,376,376,good
2026-05-31 13:03:34,0.4966,148.0,298,299.5,313.0,-13.5,0,0,229,229,377,377,good
2026-05-31 13:03:34,0.4983,148.0,297,299.5,313.5,-14.0,0,0,229,229,377,377,good
2026-05-31 13:03:34,0.4966,147.0,296,300.0,314.0,-14.0,0,0,229,229,376,376,good
2026-05-31 13:03:43,0.4042,135.0,334,308.5,322.0,-13.5,0,0,213,213,348,348,bad_forward
2026-05-31 13:03:43,0.4077,137.0,336,308.5,323.0,-14.5,0,0,211,211,348,348,bad_forward
2026-05-31 13:03:43,0.4083,138.0,338,308.0,322.0,-14.0,0,0,212,212,350,350,bad_forward
2026-05-31 13:03:43,0.4107,138.0,336,307.5,321.0,-13.5,0,0,211,211,349,349,bad_forward
2026-05-31 13:03:43,0.4102,137.0,334,308.0,321.0,-13.0,0,0,212,212,349,349,bad_forward
2026-05-31 13:03:44,0.4054,135.0,333,307.5,320.5,-13.0,0,0,213,213,348,348,bad_forward
2026-05-31 13:03:44,0.4018,133.0,331,307.0,319.5,-12.5,0,0,214,214,347,347,bad_forward
2026-05-31 13:03:44,0.4006,133.0,332,306.5,319.0,-12.5,0,0,214,214,347,347,bad_forward
2026-05-31 13:03:44,0.4018,133.0,331,306.5,318.5,-12.0,0,0,214,214,347,347,bad_forward
2026-05-31 13:03:45,0.4,132.0,330,306.5,318.0,-11.5,0,0,215,215,347,347,bad_forward
2026-05-31 13:03:45,0.4,132.0,330,306.5,318.0,-11.5,0,0,215,215,347,347,bad_forward
2026-05-31 13:03:45,0.3988,132.0,331,306.5,318.5,-12.0,0,0,215,215,347,347,bad_forward
2026-05-31 13:03:45,0.3988,132.0,331,306.5,318.5,-12.0,0,0,216,216,348,348,bad_forward
2026-05-31 13:03:46,0.397,131.0,330,306.5,318.0,-11.5,0,0,216,216,347,347,bad_forward
2026-05-31 13:03:46,0.3976,132.0,332,306.5,319.0,-12.5,0,0,216,216,348,348,bad_forward
2026-05-31 13:03:46,0.3994,133.0,333,306.5,319.5,-13.0,0,0,216,216,349,349,bad_forward
2026-05-31 13:03:46,0.3964,132.0,333,306.0,319.5,-13.5,0,0,217,217,349,349,bad_forward
2026-05-31 13:03:46,0.3958,131.0,331,306.5,318.5,-12.0,0,0,217,217,348,348,bad_forward
2026-05-31 13:03:47,0.397,131.0,330,306.5,319.0,-12.5,0,0,217,217,348,348,bad_forward
2026-05-31 13:03:47,0.3988,132.0,331,306.5,318.5,-12.0,0,0,217,217,349,349,bad_forward
2026-05-31 13:03:47,0.3982,131.0,329,306.0,317.5,-11.5,0,0,217,217,348,348,bad_forward
2026-05-31 13:03:47,0.397,131.0,330,305.5,318.0,-12.5,0,0,217,217,348,348,bad_forward
2026-05-31 13:03:48,0.3958,131.0,331,305.5,317.5,-12.0,0,0,217,217,348,348,bad_forward
2026-05-31 13:03:48,0.3939,130.0,330,305.0,317.0,-12.0,0,0,217,217,347,347,bad_forward
2026-05-31 13:03:48,0.3958,131.0,331,305.0,317.5,-12.5,0,0,217,217,348,348,bad_forward
2026-05-31 13:03:48,0.3958,131.0,331,305.0,316.5,-11.5,0,0,217,217,348,348,bad_forward
2026-05-31 13:03:48,0.3927,130.0,331,305.0,316.5,-11.5,0,0,217,217,347,347,bad_forward
2026-05-31 13:03:49,0.3946,131.0,332,304.5,317.0,-12.5,0,0,217,217,348,348,bad_forward
2026-05-31 13:03:49,0.3916,130.0,332,304.5,317.0,-12.5,0,0,217,217,347,347,bad_forward
2026-05-31 13:03:49,0.3946,131.0,332,304.5,317.0,-12.5,0,0,217,217,348,348,bad_forward
2026-05-31 13:03:49,0.3934,131.0,333,305.0,317.5,-12.5,0,0,217,217,348,348,bad_forward
2026-05-31 13:03:50,0.3946,131.0,332,304.5,317.0,-12.5,0,0,217,217,348,348,bad_forward
2026-05-31 13:03:50,0.3958,131.0,331,305.0,316.5,-11.5,0,0,217,217,348,348,bad_forward
2026-05-31 13:03:50,0.3939,130.0,330,304.5,317.0,-12.5,0,0,218,218,348,348,bad_forward
2026-05-31 13:03:50,0.3958,131.0,331,304.5,317.5,-13.0,0,0,217,217,348,348,bad_forward
2026-05-31 13:03:50,0.3946,131.0,332,304.5,317.0,-12.5,0,0,217,217,348,348,bad_forward
2026-05-31 13:03:51,0.3934,131.0,333,304.5,317.5,-13.0,0,0,218,218,349,349,bad_forward
2026-05-31 13:03:51,0.3934,131.0,333,304.5,317.5,-13.0,0,0,218,218,349,349,bad_forward
2026-05-31 13:03:51,0.3927,130.0,331,304.0,316.5,-12.5,0,0,218,218,348,348,bad_forward
2026-05-31 13:03:51,0.3927,130.0,331,304.0,316.5,-12.5,0,0,218,218,348,348,bad_forward
2026-05-31 13:03:52,0.3916,130.0,332,304.0,317.0,-13.0,0,0,218,218,348,348,bad_forward
2026-05-31 13:03:52,0.3916,130.0,332,304.5,317.0,-12.5,0,0,218,218,348,348,bad_forward
2026-05-31 13:03:52,0.3927,130.0,331,304.5,317.5,-13.0,0,0,218,218,348,348,bad_forward
2026-05-31 13:03:52,0.3927,130.0,331,304.5,317.5,-13.0,0,0,218,218,348,348,bad_forward
2026-05-31 13:03:52,0.3916,130.0,332,304.5,317.0,-12.5,0,0,218,218,348,348,bad_forward
2026-05-31 13:04:02,0.4036,136.0,337,219.5,255.5,-36.0,0,0,220,220,356,356,bad_left
2026-05-31 13:04:03,0.4018,135.0,336,220.0,255.0,-35.0,0,0,221,221,356,356,bad_left
2026-05-31 13:04:03,0.3994,135.0,338,219.5,255.0,-35.5,0,0,221,221,356,356,bad_left
2026-05-31 13:04:03,0.4006,135.0,337,219.0,254.5,-35.5,0,0,221,221,356,356,bad_left
2026-05-31 13:04:03,0.4006,135.0,337,219.0,254.5,-35.5,0,0,221,221,356,356,bad_left
2026-05-31 13:04:04,0.4006,135.0,337,219.0,254.5,-35.5,0,0,221,221,356,356,bad_left
2026-05-31 13:04:04,0.3988,134.0,336,219.0,254.0,-35.0,0,0,222,222,356,356,bad_left
2026-05-31 13:04:04,0.3988,134.0,336,219.5,255.0,-35.5,0,0,222,222,356,356,bad_left
2026-05-31 13:04:04,0.3976,134.0,337,219.5,255.5,-36.0,0,0,222,222,356,356,bad_left
2026-05-31 13:04:04,0.3988,134.0,336,219.5,255.0,-35.5,0,0,222,222,356,356,bad_left
2026-05-31 13:04:05,0.3994,135.0,338,219.5,256.0,-36.5,0,0,222,222,357,357,bad_left
2026-05-31 13:04:05,0.3964,134.0,338,219.5,256.0,-36.5,0,0,222,222,356,356,bad_left
2026-05-31 13:04:05,0.3964,134.0,338,219.5,256.0,-36.5,0,0,222,222,356,356,bad_left
2026-05-31 13:04:05,0.3982,135.0,339,219.5,256.5,-37.0,0,0,222,222,357,357,bad_left
2026-05-31 13:04:06,0.3982,135.0,339,219.5,256.5,-37.0,0,0,222,222,357,357,bad_left
2026-05-31 13:04:06,0.4012,136.0,339,219.0,256.5,-37.5,0,0,221,221,357,357,bad_left
2026-05-31 13:04:06,0.4,136.0,340,219.0,257.0,-38.0,0,0,222,222,358,358,bad_left
2026-05-31 13:04:06,0.3982,135.0,339,219.0,256.5,-37.5,0,0,222,222,357,357,bad_left
2026-05-31 13:04:06,0.3982,135.0,339,219.0,256.5,-37.5,0,0,222,222,357,357,bad_left
2026-05-31 13:04:07,0.3994,135.0,338,218.5,257.0,-38.5,0,0,222,222,357,357,bad_left
2026-05-31 13:04:07,0.3994,135.0,338,218.5,256.0,-37.5,0,0,222,222,357,357,bad_left
2026-05-31 13:04:07,0.4,136.0,340,218.5,257.0,-38.5,0,0,222,222,358,358,bad_left
2026-05-31 13:04:07,0.3971,135.0,340,219.0,257.0,-38.0,0,0,222,222,357,357,bad_left
2026-05-31 13:04:08,0.3941,134.0,340,219.0,257.0,-38.0,0,0,223,223,357,357,bad_left
2026-05-31 13:04:08,0.3994,135.0,338,219.0,256.0,-37.0,0,0,222,222,357,357,bad_left
2026-05-31 13:04:08,0.3982,135.0,339,219.0,256.5,-37.5,0,0,223,223,358,358,bad_left
2026-05-31 13:04:08,0.3982,135.0,339,219.0,256.5,-37.5,0,0,222,222,357,357,bad_left
2026-05-31 13:04:08,0.3982,135.0,339,219.0,256.5,-37.5,0,0,222,222,357,357,bad_left
2026-05-31 13:04:09,0.3994,135.0,338,219.0,256.0,-37.0,0,0,222,222,357,357,bad_left
2026-05-31 13:04:09,0.4012,136.0,339,218.5,256.5,-38.0,0,0,222,222,358,358,bad_left
2026-05-31 13:04:09,0.3982,135.0,339,218.5,256.5,-38.0,0,0,222,222,357,357,bad_left
2026-05-31 13:04:09,0.3994,135.0,338,218.5,256.0,-37.5,0,0,222,222,357,357,bad_left
2026-05-31 13:04:09,0.3971,135.0,340,218.5,257.0,-38.5,0,0,222,222,357,357,bad_left
2026-05-31 13:04:10,0.4012,136.0,339,218.5,257.5,-39.0,0,0,222,222,358,358,bad_left
2026-05-31 13:04:10,0.4024,136.0,338,218.5,256.0,-37.5,0,0,222,222,358,358,bad_left
2026-05-31 13:04:10,0.3982,135.0,339,218.5,256.5,-38.0,0,0,222,222,357,357,bad_left
2026-05-31 13:04:10,0.4,136.0,340,218.0,257.0,-39.0,0,0,221,221,357,357,bad_left
2026-05-31 13:04:11,0.4012,136.0,339,218.0,256.5,-38.5,0,0,221,221,357,357,bad_left
2026-05-31 13:04:11,0.4024,136.0,338,218.5,256.0,-37.5,0,0,221,221,357,357,bad_left
2026-05-31 13:04:11,0.4041,137.0,339,218.0,256.5,-38.5,0,0,221,221,358,358,bad_left
2026-05-31 13:04:11,0.4029,137.0,340,218.0,257.0,-39.0,0,0,221,221,358,358,bad_left
2026-05-31 13:04:11,0.4041,137.0,339,218.0,256.5,-38.5,0,0,221,221,358,358,bad_left
2026-05-31 13:04:12,0.4029,137.0,340,218.0,257.0,-39.0,0,0,221,221,358,358,bad_left
2026-05-31 13:04:12,0.4041,137.0,339,218.5,256.5,-38.0,0,0,221,221,358,358,bad_left
2026-05-31 13:04:12,0.4012,136.0,339,218.5,256.5,-38.0,0,0,222,222,358,358,bad_left
2026-05-31 13:04:12,0.4041,137.0,339,218.5,256.5,-38.0,0,0,221,221,358,358,bad_left
2026-05-31 13:04:21,0.4012,130.0,324,366.5,365.0,1.5,0,0,224,224,354,354,bad_right
2026-05-31 13:04:21,0.4037,130.0,322,366.5,365.0,1.5,0,0,224,224,354,354,bad_right
2026-05-31 13:04:21,0.4068,131.0,322,366.5,365.0,1.5,0,0,224,224,355,355,bad_right
2026-05-31 13:04:21,0.4056,131.0,323,367.0,365.5,1.5,0,0,224,224,355,355,bad_right
2026-05-31 13:04:22,0.4074,132.0,324,368.5,367.0,1.5,0,0,224,224,356,356,bad_right
2026-05-31 13:04:22,0.4012,130.0,324,368.5,366.0,2.5,0,0,225,225,355,355,bad_right
2026-05-31 13:04:22,0.4056,131.0,323,369.5,366.5,3.0,0,0,224,224,355,355,bad_right
2026-05-31 13:04:22,0.4025,130.0,323,369.5,367.5,2.0,0,0,225,225,355,355,bad_right
2026-05-31 13:04:22,0.4025,130.0,323,370.0,367.5,2.5,0,0,225,225,355,355,bad_right
2026-05-31 13:04:23,0.4012,130.0,324,371.5,368.0,3.5,0,0,225,225,355,355,bad_right
2026-05-31 13:04:23,0.4037,130.0,322,371.5,368.0,3.5,0,0,225,225,355,355,bad_right
2026-05-31 13:04:23,0.4006,129.0,322,372.0,368.0,4.0,0,0,225,225,354,354,bad_right
2026-05-31 13:04:23,0.4037,130.0,322,372.5,369.0,3.5,0,0,225,225,355,355,bad_right
2026-05-31 13:04:24,0.4006,129.0,322,373.5,369.0,4.5,0,0,226,226,355,355,bad_right
2026-05-31 13:04:24,0.4025,130.0,323,374.5,368.5,6.0,0,0,225,225,355,355,bad_right
2026-05-31 13:04:24,0.4006,129.0,322,375.0,369.0,6.0,0,0,227,227,356,356,bad_right
2026-05-31 13:04:24,0.4037,130.0,322,376.0,369.0,7.0,0,0,226,226,356,356,bad_right
2026-05-31 13:04:24,0.4006,129.0,322,376.0,370.0,6.0,0,0,227,227,356,356,bad_right
2026-05-31 13:04:25,0.4068,131.0,322,376.0,371.0,5.0,0,0,225,225,356,356,bad_right
2026-05-31 13:04:25,0.4037,130.0,322,377.0,370.0,7.0,0,0,226,226,356,356,bad_right
2026-05-31 13:04:25,0.405,130.0,321,377.0,369.5,7.5,0,0,226,226,356,356,bad_right
2026-05-31 13:04:25,0.4037,130.0,322,378.0,370.0,8.0,0,0,226,226,356,356,bad_right
2026-05-31 13:04:26,0.4025,130.0,323,378.0,371.5,6.5,0,0,226,226,356,356,bad_right
2026-05-31 13:04:26,0.4037,130.0,322,378.0,372.0,6.0,0,0,226,226,356,356,bad_right
2026-05-31 13:04:26,0.4056,131.0,323,379.0,371.5,7.5,0,0,226,226,357,357,bad_right
2026-05-31 13:04:26,0.4006,129.0,322,380.0,371.0,9.0,0,0,227,227,356,356,bad_right
2026-05-31 13:04:26,0.4037,130.0,322,380.0,372.0,8.0,0,0,226,226,356,356,bad_right
2026-05-31 13:04:27,0.4081,131.0,321,381.0,371.5,9.5,0,0,226,226,357,357,bad_right
2026-05-31 13:04:27,0.405,130.0,321,381.0,371.5,9.5,0,0,226,226,356,356,bad_right
2026-05-31 13:04:27,0.4037,130.0,322,381.0,371.0,10.0,0,0,226,226,356,356,bad_right
2026-05-31 13:04:27,0.4006,129.0,322,382.0,371.0,11.0,0,0,227,227,356,356,bad_right
2026-05-31 13:04:28,0.4006,129.0,322,382.0,372.0,10.0,0,0,227,227,356,356,bad_right
2026-05-31 13:04:28,0.4037,130.0,322,382.0,372.0,10.0,0,0,226,226,356,356,bad_right
2026-05-31 13:04:28,0.4006,129.0,322,382.0,372.0,10.0,0,0,227,227,356,356,bad_right
2026-05-31 13:04:28,0.4037,130.0,322,382.5,372.0,10.5,0,0,226,226,356,356,bad_right
2026-05-31 13:04:28,0.405,130.0,321,382.5,372.5,10.0,0,0,226,226,356,356,bad_right
2026-05-31 13:04:29,0.405,130.0,321,383.0,372.5,10.5,0,0,226,226,356,356,bad_right
2026-05-31 13:04:29,0.4006,129.0,322,383.0,372.0,11.0,0,0,227,227,356,356,bad_right
2026-05-31 13:04:29,0.4037,130.0,322,383.0,372.0,11.0,0,0,226,226,356,356,bad_right
2026-05-31 13:04:29,0.4019,129.0,321,383.0,372.5,10.5,0,0,227,227,356,356,bad_right
2026-05-31 13:04:30,0.4006,129.0,322,383.5,372.0,11.5,0,0,227,227,356,356,bad_right
2026-05-31 13:04:30,0.405,130.0,321,383.0,372.5,10.5,0,0,226,226,356,356,bad_right
2026-05-31 13:04:30,0.405,130.0,321,383.0,372.5,10.5,0,0,226,226,356,356,bad_right
2026-05-31 13:04:30,0.4068,131.0,322,384.0,372.0,12.0,0,0,226,226,357,357,bad_right
2026-05-31 13:04:30,0.4037,130.0,322,384.0,372.0,12.0,0,0,226,226,356,356,bad_right
2026-05-31 13:04:31,0.3975,128.0,322,385.0,373.0,12.0,0,0,228,228,356,356,bad_right
2026-05-31 13:04:46,0.4366,124.0,284,286.0,300.0,-14.0,0,0,280,280,404,404,bad_slouch
2026-05-31 13:04:47,0.4331,123.0,284,286.0,300.0,-14.0,0,0,280,280,403,403,bad_slouch
2026-05-31 13:04:47,0.4296,122.0,284,286.0,301.0,-15.0,0,0,281,281,403,403,bad_slouch
2026-05-31 13:04:47,0.4311,122.0,283,285.5,300.5,-15.0,0,0,281,281,403,403,bad_slouch
2026-05-31 13:04:47,0.4346,123.0,283,285.5,300.5,-15.0,0,0,281,281,404,404,bad_slouch
2026-05-31 13:04:47,0.4281,122.0,285,285.5,300.5,-15.0,0,0,281,281,403,403,bad_slouch
2026-05-31 13:04:48,0.4331,123.0,284,285.5,300.0,-14.5,0,0,281,281,404,404,bad_slouch
2026-05-31 13:04:48,0.4316,123.0,285,286.0,300.5,-14.5,0,0,281,281,404,404,bad_slouch
2026-05-31 13:04:48,0.4281,122.0,285,286.0,300.5,-14.5,0,0,281,281,403,403,bad_slouch
2026-05-31 13:04:48,0.4296,122.0,284,286.0,300.0,-14.0,0,0,281,281,403,403,bad_slouch
2026-05-31 13:04:49,0.4276,121.0,283,286.0,300.5,-14.5,0,0,282,282,403,403,bad_slouch
2026-05-31 13:04:49,0.4276,121.0,283,286.0,300.5,-14.5,0,0,282,282,403,403,bad_slouch
2026-05-31 13:04:49,0.4261,121.0,284,286.0,300.0,-14.0,0,0,282,282,403,403,bad_slouch
2026-05-31 13:04:49,0.4296,122.0,284,285.5,300.0,-14.5,0,0,282,282,404,404,bad_slouch
2026-05-31 13:04:49,0.4296,122.0,284,285.5,300.0,-14.5,0,0,282,282,404,404,bad_slouch
2026-05-31 13:04:50,0.4261,121.0,284,285.0,300.0,-15.0,0,0,282,282,403,403,bad_slouch
2026-05-31 13:04:50,0.4276,121.0,283,285.0,299.5,-14.5,0,0,282,282,403,403,bad_slouch
2026-05-31 13:04:50,0.4296,122.0,284,285.0,300.0,-15.0,0,0,282,282,404,404,bad_slouch
2026-05-31 13:04:50,0.4296,122.0,284,284.5,300.0,-15.5,0,0,282,282,404,404,bad_slouch
2026-05-31 13:04:50,0.4311,122.0,283,285.0,300.5,-15.5,0,0,282,282,404,404,bad_slouch
2026-05-31 13:04:51,0.4296,122.0,284,285.0,300.0,-15.0,0,0,282,282,404,404,bad_slouch
2026-05-31 13:04:51,0.4296,122.0,284,285.5,300.0,-14.5,0,0,282,282,404,404,bad_slouch
2026-05-31 13:04:51,0.4311,122.0,283,285.5,300.5,-15.0,0,0,282,282,404,404,bad_slouch
2026-05-31 13:04:51,0.4296,122.0,284,285.5,300.0,-14.5,0,0,282,282,404,404,bad_slouch
2026-05-31 13:04:52,0.4296,122.0,284,285.5,300.0,-14.5,0,0,282,282,404,404,bad_slouch
2026-05-31 13:04:52,0.4296,122.0,284,286.0,300.0,-14.0,0,0,282,282,404,404,bad_slouch
2026-05-31 13:04:52,0.4296,122.0,284,285.5,300.0,-14.5,0,0,282,282,404,404,bad_slouch
2026-05-31 13:04:52,0.4311,122.0,283,286.0,300.5,-14.5,0,0,282,282,404,404,bad_slouch
2026-05-31 13:04:52,0.4296,122.0,284,286.0,300.0,-14.0,0,0,282,282,404,404,bad_slouch
2026-05-31 13:04:53,0.4281,122.0,285,286.0,300.5,-14.5,0,0,282,282,404,404,bad_slouch
2026-05-31 13:04:53,0.4296,122.0,284,286.0,300.0,-14.0,0,0,282,282,404,404,bad_slouch
2026-05-31 13:04:53,0.4296,122.0,284,286.0,300.0,-14.0,0,0,282,282,404,404,bad_slouch
2026-05-31 13:04:53,0.4296,122.0,284,286.0,300.0,-14.0,0,0,282,282,404,404,bad_slouch
2026-05-31 13:04:54,0.4311,122.0,283,286.0,300.5,-14.5,0,0,282,282,404,404,bad_slouch
2026-05-31 13:04:54,0.4311,122.0,283,286.0,300.5,-14.5,0,0,282,282,404,404,bad_slouch
2026-05-31 13:04:54,0.4276,121.0,283,286.5,300.5,-14.0,0,0,283,283,404,404,bad_slouch
2026-05-31 13:04:54,0.4276,121.0,283,286.5,300.5,-14.0,0,0,283,283,404,404,bad_slouch
2026-05-31 13:04:54,0.4261,121.0,284,286.5,301.0,-14.5,0,0,283,283,404,404,bad_slouch
2026-05-31 13:04:55,0.4261,121.0,284,287.0,301.0,-14.0,0,0,283,283,404,404,bad_slouch
2026-05-31 13:04:55,0.4246,121.0,285,287.0,300.5,-13.5,0,0,283,283,404,404,bad_slouch
2026-05-31 13:04:55,0.4261,121.0,284,287.0,300.0,-13.0,0,0,283,283,404,404,bad_slouch
2026-05-31 13:04:55,0.4276,121.0,283,286.5,300.5,-14.0,0,0,283,283,404,404,bad_slouch
2026-05-31 13:04:56,0.4261,121.0,284,287.0,301.0,-14.0,0,0,283,283,404,404,bad_slouch
2026-05-31 13:04:56,0.4261,121.0,284,286.5,301.0,-14.5,0,0,283,283,404,404,bad_slouch
2026-05-31 13:04:56,0.4281,122.0,285,287.0,300.5,-13.5,0,0,282,282,404,404,bad_slouch
2026-05-31 13:04:56,0.4246,121.0,285,287.0,300.5,-13.5,0,0,283,283,404,404,bad_slouch
2026-05-31 13:14:37,0.4762,140.0,294,302.0,315.0,-13.0,0,0,194,194,334,334,good
2026-05-31 13:14:38,0.4762,140.0,294,302.0,316.0,-14.0,0,0,195,195,335,335,good
2026-05-31 13:14:38,0.4762,140.0,294,302.0,316.0,-14.0,0,0,194,194,334,334,good
2026-05-31 13:14:38,0.4746,140.0,295,303.0,316.5,-13.5,0,0,195,195,335,335,good
2026-05-31 13:14:38,0.4778,140.0,293,304.5,317.5,-13.0,0,0,195,195,335,335,good
2026-05-31 13:14:39,0.4796,141.0,294,304.5,317.0,-12.5,0,0,195,195,336,336,good
2026-05-31 13:14:39,0.4831,143.0,296,305.0,317.0,-12.0,0,0,194,194,337,337,good
2026-05-31 13:14:39,0.4865,144.0,296,306.5,318.0,-11.5,0,0,194,194,338,338,good
2026-05-31 13:14:39,0.4881,144.0,295,308.0,318.5,-10.5,0,0,195,195,339,339,good
2026-05-31 13:14:39,0.4831,143.0,296,308.0,319.0,-11.0,0,0,196,196,339,339,good
2026-05-31 13:14:40,0.4847,143.0,295,308.0,319.5,-11.5,0,0,196,196,339,339,good
2026-05-31 13:14:40,0.4847,143.0,295,308.5,319.5,-11.0,0,0,196,196,339,339,good
2026-05-31 13:14:40,0.4847,143.0,295,309.0,319.5,-10.5,0,0,196,196,339,339,good
2026-05-31 13:14:40,0.4847,143.0,295,309.0,319.5,-10.5,0,0,196,196,339,339,good
2026-05-31 13:14:41,0.483,142.0,294,309.0,318.0,-9.0,0,0,196,196,338,338,good
2026-05-31 13:14:41,0.483,142.0,294,309.0,317.0,-8.0,0,0,196,196,338,338,good
2026-05-31 13:14:41,0.4863,142.0,292,309.0,317.0,-8.0,0,0,196,196,338,338,good
2026-05-31 13:14:41,0.4863,142.0,292,309.0,317.0,-8.0,0,0,196,196,338,338,good
2026-05-31 13:14:41,0.4812,141.0,293,308.5,317.5,-9.0,0,0,197,197,338,338,good
2026-05-31 13:14:42,0.4829,141.0,292,309.5,318.0,-8.5,0,0,197,197,338,338,good
2026-05-31 13:14:42,0.4829,141.0,292,309.5,318.0,-8.5,0,0,197,197,338,338,good
2026-05-31 13:14:42,0.4829,141.0,292,309.0,318.0,-9.0,0,0,197,197,338,338,good
2026-05-31 13:14:42,0.4778,140.0,293,309.5,317.5,-8.0,0,0,198,198,338,338,good
2026-05-31 13:14:43,0.4812,141.0,293,309.0,317.5,-8.5,0,0,198,198,339,339,good
2026-05-31 13:14:43,0.4846,142.0,293,308.5,317.5,-9.0,0,0,198,198,340,340,good
2026-05-31 13:14:43,0.4812,141.0,293,308.5,318.5,-10.0,0,0,199,199,340,340,good
2026-05-31 13:14:43,0.4846,142.0,293,308.5,318.5,-10.0,0,0,198,198,340,340,good
2026-05-31 13:14:44,0.4846,142.0,293,308.5,318.5,-10.0,0,0,198,198,340,340,good
2026-05-31 13:14:44,0.4864,143.0,294,308.5,319.0,-10.5,0,0,197,197,340,340,good
2026-05-31 13:14:44,0.4847,143.0,295,308.5,318.5,-10.0,0,0,196,196,339,339,good
2026-05-31 13:14:44,0.4864,143.0,294,308.5,318.0,-9.5,0,0,196,196,339,339,good
2026-05-31 13:14:44,0.4864,143.0,294,308.5,318.0,-9.5,0,0,196,196,339,339,good
2026-05-31 13:14:45,0.4847,143.0,295,308.5,317.5,-9.0,0,0,196,196,339,339,good
2026-05-31 13:14:45,0.4864,143.0,294,307.5,317.0,-9.5,0,0,196,196,339,339,good
2026-05-31 13:14:45,0.4847,143.0,295,306.5,316.5,-10.0,0,0,196,196,339,339,good
2026-05-31 13:14:45,0.4814,142.0,295,306.5,316.5,-10.0,0,0,197,197,339,339,good
2026-05-31 13:14:45,0.4814,142.0,295,306.0,316.5,-10.5,0,0,197,197,339,339,good
2026-05-31 13:14:46,0.483,142.0,294,306.5,317.0,-10.5,0,0,197,197,339,339,good
2026-05-31 13:14:46,0.4814,142.0,295,306.5,317.5,-11.0,0,0,197,197,339,339,good
2026-05-31 13:14:46,0.4881,143.0,293,307.0,317.5,-10.5,0,0,197,197,340,340,good
2026-05-31 13:14:46,0.4846,142.0,293,307.5,317.5,-10.0,0,0,198,198,340,340,good
2026-05-31 13:14:47,0.4812,141.0,293,307.5,317.5,-10.0,0,0,199,199,340,340,good
2026-05-31 13:14:47,0.4829,141.0,292,307.5,317.0,-9.5,0,0,199,199,340,340,good
2026-05-31 13:14:47,0.4812,141.0,293,307.5,317.5,-10.0,0,0,199,199,340,340,good
2026-05-31 13:14:51,0.4774,127.0,266,306.5,318.0,-11.5,0,0,211,211,338,338,good
2026-05-31 13:14:51,0.4733,124.0,262,305.5,316.0,-10.5,0,0,215,215,339,339,good
2026-05-31 13:14:51,0.4755,126.0,265,305.5,314.5,-9.0,0,0,215,215,341,341,good
2026-05-31 13:14:52,0.487,131.0,269,307.5,316.5,-9.0,0,0,213,213,344,344,good
2026-05-31 13:14:52,0.4943,130.0,263,308.0,318.5,-10.5,0,0,215,215,345,345,good
2026-05-31 13:14:52,0.4829,127.0,263,308.5,318.5,-10.0,0,0,218,218,345,345,good
2026-05-31 13:14:52,0.4847,127.0,262,308.5,319.0,-10.5,0,0,218,218,345,345,good
2026-05-31 13:14:53,0.4904,128.0,261,309.0,319.5,-10.5,0,0,217,217,345,345,good
2026-05-31 13:14:53,0.4905,129.0,263,309.5,319.5,-10.0,0,0,216,216,345,345,good
2026-05-31 13:14:53,0.4848,128.0,264,310.5,319.0,-8.5,0,0,216,216,344,344,good
2026-05-31 13:14:53,0.4848,128.0,264,310.5,319.0,-8.5,0,0,215,215,343,343,good
2026-05-31 13:14:53,0.4868,129.0,265,310.5,318.5,-8.0,0,0,215,215,344,344,good
2026-05-31 13:14:54,0.4868,129.0,265,310.5,318.5,-8.0,0,0,215,215,344,344,good
2026-05-31 13:14:54,0.4906,130.0,265,311.0,318.5,-7.5,0,0,215,215,345,345,good
2026-05-31 13:14:54,0.485,129.0,266,311.0,320.0,-9.0,0,0,216,216,345,345,good
2026-05-31 13:14:54,0.485,129.0,266,311.5,321.0,-9.5,0,0,216,216,345,345,good
2026-05-31 13:14:55,0.4831,129.0,267,311.5,321.5,-10.0,0,0,217,217,346,346,good
2026-05-31 13:14:55,0.4831,129.0,267,311.0,321.5,-10.5,0,0,218,218,347,347,good
2026-05-31 13:14:55,0.4794,128.0,267,311.0,321.5,-10.5,0,0,218,218,346,346,good
2026-05-31 13:14:55,0.4812,128.0,266,310.0,321.0,-11.0,0,0,218,218,346,346,good
2026-05-31 13:14:56,0.4812,128.0,266,310.0,321.0,-11.0,0,0,218,218,346,346,good
2026-05-31 13:14:56,0.4812,128.0,266,310.0,320.0,-10.0,0,0,218,218,346,346,good
2026-05-31 13:14:56,0.4812,128.0,266,309.5,320.0,-10.5,0,0,218,218,346,346,good
2026-05-31 13:14:56,0.4812,128.0,266,309.5,320.0,-10.5,0,0,218,218,346,346,good
2026-05-31 13:14:56,0.4812,128.0,266,309.5,320.0,-10.5,0,0,218,218,346,346,good
2026-05-31 13:14:57,0.4812,128.0,266,309.5,320.0,-10.5,0,0,218,218,346,346,good
2026-05-31 13:14:57,0.4812,128.0,266,309.0,320.0,-11.0,0,0,218,218,346,346,good
2026-05-31 13:14:57,0.4812,128.0,266,309.5,320.0,-10.5,0,0,218,218,346,346,good
2026-05-31 13:14:57,0.4812,128.0,266,310.0,320.0,-10.0,0,0,218,218,346,346,good
2026-05-31 13:14:58,0.4794,128.0,267,310.0,320.5,-10.5,0,0,218,218,346,346,good
2026-05-31 13:14:58,0.4794,128.0,267,310.0,320.5,-10.5,0,0,218,218,346,346,good
2026-05-31 13:14:58,0.4812,128.0,266,310.0,320.0,-10.0,0,0,218,218,346,346,good
2026-05-31 13:14:58,0.4812,128.0,266,310.0,320.0,-10.0,0,0,218,218,346,346,good
2026-05-31 13:14:59,0.4794,128.0,267,310.0,319.5,-9.5,0,0,219,219,347,347,good
2026-05-31 13:14:59,0.4719,126.0,267,309.0,319.5,-10.5,0,0,221,221,347,347,good
2026-05-31 13:14:59,0.4719,126.0,267,309.0,319.5,-10.5,0,0,220,220,346,346,good
2026-05-31 13:14:59,0.4774,127.0,266,309.5,320.0,-10.5,0,0,219,219,346,346,good
2026-05-31 13:14:59,0.4794,128.0,267,309.5,319.5,-10.0,0,0,219,219,347,347,good
2026-05-31 13:15:00,0.4737,126.0,266,309.0,319.0,-10.0,0,0,220,220,346,346,good
2026-05-31 13:15:00,0.4792,127.0,265,309.5,319.5,-10.0,0,0,219,219,346,346,good
2026-05-31 13:15:00,0.483,128.0,265,309.5,319.5,-10.0,0,0,218,218,346,346,good
2026-05-31 13:15:00,0.4755,126.0,265,310.0,318.5,-8.5,0,0,219,219,345,345,good
2026-05-31 13:15:01,0.4792,127.0,265,310.0,318.5,-8.5,0,0,219,219,346,346,good
2026-05-31 13:15:01,0.4755,126.0,265,310.0,318.5,-8.5,0,0,219,219,345,345,good
2026-05-31 13:50:42,0.4847,143.0,295,303.0,319.5,-16.5,0,0,223,223,366,366,good
2026-05-31 13:50:42,0.4811,140.0,291,305.5,320.5,-15.0,0,0,225,225,365,365,good
2026-05-31 13:50:43,0.4841,137.0,283,306.0,321.5,-15.5,0,0,225,225,362,362,good
2026-05-31 13:50:43,0.482,134.0,278,306.0,322.0,-16.0,0,0,226,226,360,360,good
2026-05-31 13:50:43,0.48,132.0,275,304.5,322.5,-18.0,0,0,227,227,359,359,good
2026-05-31 13:50:43,0.4874,135.0,277,304.0,323.5,-19.5,0,0,228,228,363,363,good
2026-05-31 13:50:43,0.491,137.0,279,304.0,323.5,-19.5,0,0,229,229,366,366,good
2026-05-31 13:50:44,0.4946,138.0,279,304.5,323.5,-19.0,0,0,229,229,367,367,good
2026-05-31 13:50:44,0.4946,138.0,279,305.0,324.5,-19.5,0,0,229,229,367,367,good
2026-05-31 13:50:44,0.4929,138.0,280,305.5,324.0,-18.5,0,0,230,230,368,368,good
2026-05-31 13:50:44,0.4964,139.0,280,305.0,323.0,-18.0,0,0,230,230,369,369,good
2026-05-31 13:50:44,0.4964,139.0,280,306.0,323.0,-17.0,0,0,230,230,369,369,good
2026-05-31 13:50:45,0.5036,141.0,280,307.5,322.0,-14.5,0,0,228,228,369,369,good
2026-05-31 13:50:45,0.5107,143.0,280,308.5,322.0,-13.5,0,0,226,226,369,369,good
2026-05-31 13:50:45,0.5125,144.0,281,309.5,322.5,-13.0,0,0,225,225,369,369,good
2026-05-31 13:50:45,0.5142,145.0,282,310.0,322.0,-12.0,0,0,225,225,370,370,good
2026-05-31 13:50:46,0.5177,146.0,282,310.0,322.0,-12.0,0,0,225,225,371,371,good
2026-05-31 13:50:46,0.5125,144.0,281,309.5,323.5,-14.0,0,0,226,226,370,370,good
2026-05-31 13:50:46,0.5053,143.0,283,309.5,324.5,-15.0,0,0,227,227,370,370,good
2026-05-31 13:50:46,0.5106,144.0,282,309.5,325.0,-15.5,0,0,227,227,371,371,good
2026-05-31 13:50:46,0.5053,143.0,283,309.5,325.5,-16.0,0,0,228,228,371,371,good
2026-05-31 13:50:47,0.5018,142.0,283,309.5,325.5,-16.0,0,0,228,228,370,370,good
2026-05-31 13:50:47,0.5035,142.0,282,309.5,325.0,-15.5,0,0,227,227,369,369,good
2026-05-31 13:50:47,0.5035,142.0,282,309.5,325.0,-15.5,0,0,227,227,369,369,good
2026-05-31 13:50:47,0.5018,142.0,283,309.5,326.5,-17.0,0,0,227,227,369,369,good
2026-05-31 13:50:48,0.5018,142.0,283,309.5,327.5,-18.0,0,0,227,227,369,369,good
2026-05-31 13:50:48,0.5,142.0,284,309.5,327.0,-17.5,0,0,227,227,369,369,good
2026-05-31 13:50:48,0.5,142.0,284,309.5,327.0,-17.5,0,0,227,227,369,369,good
2026-05-31 13:50:48,0.5018,142.0,283,309.5,327.5,-18.0,0,0,227,227,369,369,good
2026-05-31 13:50:48,0.5,142.0,284,310.0,327.0,-17.0,0,0,227,227,369,369,good
2026-05-31 13:50:49,0.5018,142.0,283,309.5,327.5,-18.0,0,0,227,227,369,369,good
2026-05-31 13:50:49,0.5035,143.0,284,309.5,327.0,-17.5,0,0,227,227,370,370,good
2026-05-31 13:50:49,0.5,142.0,284,309.5,327.0,-17.5,0,0,227,227,369,369,good
2026-05-31 13:50:49,0.4982,142.0,285,309.0,325.5,-16.5,0,0,227,227,369,369,good
2026-05-31 13:50:49,0.5,142.0,284,308.0,326.0,-18.0,0,0,227,227,369,369,good
2026-05-31 13:50:50,0.4947,140.0,283,307.5,325.5,-18.0,0,0,228,228,368,368,good
2026-05-31 13:50:50,0.4965,140.0,282,307.5,325.0,-17.5,0,0,228,228,368,368,good
2026-05-31 13:50:50,0.4964,139.0,280,308.0,325.0,-17.0,0,0,229,229,368,368,good
2026-05-31 13:50:50,0.4929,138.0,280,308.0,326.0,-18.0,0,0,231,231,369,369,good
2026-05-31 13:50:51,0.4946,138.0,279,308.5,326.5,-18.0,0,0,232,232,370,370,good
2026-05-31 13:50:51,0.4929,138.0,280,309.0,327.0,-18.0,0,0,232,232,370,370,good
2026-05-31 13:50:51,0.4929,138.0,280,309.0,327.0,-18.0,0,0,232,232,370,370,good
2026-05-31 13:50:51,0.4929,138.0,280,309.0,327.0,-18.0,0,0,232,232,370,370,good
2026-05-31 13:50:51,0.4947,139.0,281,309.5,327.5,-18.0,0,0,232,232,371,371,good
2026-05-31 13:50:52,0.4911,138.0,281,310.0,327.5,-17.5,0,0,233,233,371,371,good
2026-05-31 13:50:52,0.4911,138.0,281,310.0,327.5,-17.5,0,0,233,233,371,371,good
2026-05-31 13:50:52,0.4911,138.0,281,310.0,327.5,-17.5,0,0,233,233,371,371,good
2026-05-31 14:00:51,0.4746,140.0,295,301.5,314.5,-13.0,0,0,262,262,402,402,good
2026-05-31 14:00:51,0.4746,140.0,295,301.0,314.5,-13.5,0,0,262,262,402,402,good
2026-05-31 14:00:52,0.4746,140.0,295,300.5,314.5,-14.0,0,0,262,262,402,402,good
2026-05-31 14:00:52,0.4746,140.0,295,301.5,315.5,-14.0,0,0,262,262,402,402,good
2026-05-31 14:00:52,0.473,140.0,296,301.0,315.0,-14.0,0,0,262,262,402,402,good
2026-05-31 14:00:52,0.478,141.0,295,301.0,314.5,-13.5,0,0,261,261,402,402,good
2026-05-31 14:00:52,0.4746,140.0,295,301.0,314.5,-13.5,0,0,262,262,402,402,good
2026-05-31 14:00:53,0.478,141.0,295,301.0,314.5,-13.5,0,0,262,262,403,403,good
2026-05-31 14:00:53,0.478,141.0,295,300.5,314.5,-14.0,0,0,262,262,403,403,good
2026-05-31 14:00:53,0.478,141.0,295,300.5,314.5,-14.0,0,0,262,262,403,403,good
2026-05-31 14:00:53,0.478,141.0,295,300.5,314.5,-14.0,0,0,262,262,403,403,good
2026-05-31 14:00:54,0.4764,141.0,296,301.0,314.0,-13.0,0,0,262,262,403,403,good
2026-05-31 14:00:54,0.4747,141.0,297,301.0,314.5,-13.5,0,0,262,262,403,403,good
2026-05-31 14:00:54,0.4781,142.0,297,301.0,314.5,-13.5,0,0,261,261,403,403,good
2026-05-31 14:00:54,0.4765,142.0,298,301.5,314.0,-12.5,0,0,261,261,403,403,good
2026-05-31 14:00:54,0.4765,142.0,298,301.5,314.0,-12.5,0,0,261,261,403,403,good
2026-05-31 14:00:55,0.4765,142.0,298,302.0,314.0,-12.0,0,0,261,261,403,403,good
2026-05-31 14:00:55,0.4781,142.0,297,302.5,313.5,-11.0,0,0,261,261,403,403,good
2026-05-31 14:00:55,0.4797,142.0,296,302.5,314.0,-11.5,0,0,261,261,403,403,good
2026-05-31 14:00:55,0.4781,142.0,297,302.5,313.5,-11.0,0,0,261,261,403,403,good
2026-05-31 14:00:55,0.4781,142.0,297,303.0,313.5,-10.5,0,0,261,261,403,403,good
2026-05-31 14:00:56,0.4815,143.0,297,304.0,313.5,-9.5,0,0,261,261,404,404,good
2026-05-31 14:00:56,0.4815,143.0,297,309.5,313.5,-4.0,0,0,260,260,403,403,good
2026-05-31 14:00:56,0.4949,147.0,297,318.5,310.5,8.0,0,0,257,257,404,404,good
2026-05-31 14:00:56,0.4932,145.0,294,327.0,309.0,18.0,0,0,258,258,403,403,good
2026-05-31 14:00:57,0.4881,144.0,295,331.0,308.5,22.5,0,0,259,259,403,403,good
2026-05-31 14:00:57,0.4881,144.0,295,331.0,308.5,22.5,0,0,259,259,403,403,good
2026-05-31 14:00:57,0.4865,144.0,296,331.0,308.0,23.0,0,0,259,259,403,403,good
2026-05-31 14:00:57,0.4847,143.0,295,332.0,308.5,23.5,0,0,259,259,402,402,good
2026-05-31 14:00:57,0.4831,143.0,296,323.5,310.0,13.5,0,0,259,259,402,402,good
2026-05-31 14:00:58,0.4797,142.0,296,305.5,315.0,-9.5,0,0,260,260,402,402,good
2026-05-31 14:00:58,0.4865,144.0,296,290.0,320.0,-30.0,0,0,259,259,403,403,good
2026-05-31 14:00:58,0.5,142.0,284,272.0,325.0,-53.0,0,0,261,261,403,403,good
2026-05-31 14:00:58,0.4857,136.0,280,266.5,325.0,-58.5,0,0,266,266,402,402,good
2026-05-31 14:00:58,0.4873,134.0,275,265.5,324.5,-59.0,0,0,267,267,401,401,good
2026-05-31 14:00:59,0.4945,136.0,275,266.5,322.5,-56.0,0,0,264,264,400,400,good
2026-05-31 14:00:59,0.4844,140.0,289,283.0,318.5,-35.5,0,0,262,262,402,402,good
2026-05-31 14:00:59,0.4811,140.0,291,288.5,316.5,-28.0,0,0,262,262,402,402,good
2026-05-31 14:00:59,0.4795,140.0,292,294.5,314.0,-19.5,0,0,264,264,404,404,good
2026-05-31 14:00:59,0.476,139.0,292,297.5,314.0,-16.5,0,0,265,265,404,404,good
2026-05-31 14:01:00,0.4795,140.0,292,300.5,314.0,-13.5,0,0,265,265,405,405,good
2026-05-31 14:01:00,0.4778,140.0,293,301.0,314.5,-13.5,0,0,265,265,405,405,good
2026-05-31 14:01:00,0.4778,140.0,293,301.0,314.5,-13.5,0,0,265,265,405,405,good
2026-05-31 14:01:00,0.4778,140.0,293,302.0,315.5,-13.5,0,0,265,265,405,405,good
2026-05-31 14:01:01,0.4778,140.0,293,303.0,316.5,-13.5,0,0,265,265,405,405,good
2026-05-31 14:01:01,0.4744,139.0,293,304.0,316.5,-12.5,0,0,265,265,404,404,good
2026-05-31 14:01:01,0.4762,140.0,294,304.0,317.0,-13.0,0,0,264,264,404,404,good
2026-05-31 14:01:05,0.4214,118.0,280,305.5,311.0,-5.5,0,0,282,282,400,400,good
2026-05-31 14:01:05,0.4205,119.0,283,306.5,311.5,-5.0,0,0,281,281,400,400,good
2026-05-31 14:01:05,0.4255,120.0,282,307.5,312.0,-4.5,0,0,280,280,400,400,good
2026-05-31 14:01:05,0.427,120.0,281,308.0,312.5,-4.5,0,0,280,280,400,400,good
2026-05-31 14:01:06,0.425,119.0,280,308.0,311.0,-3.0,0,0,280,280,399,399,good
2026-05-31 14:01:06,0.425,119.0,280,309.0,311.0,-2.0,0,0,280,280,399,399,good
2026-05-31 14:01:06,0.4301,120.0,279,308.5,312.5,-4.0,0,0,279,279,399,399,good
2026-05-31 14:01:06,0.4286,120.0,280,310.5,312.0,-1.5,0,0,279,279,399,399,good
2026-05-31 14:01:07,0.427,120.0,281,311.0,312.5,-1.5,0,0,280,280,400,400,good
2026-05-31 14:01:07,0.427,120.0,281,312.0,311.5,0.5,0,0,280,280,400,400,good
2026-05-31 14:01:07,0.425,119.0,280,312.0,312.0,0.0,0,0,280,280,399,399,good
2026-05-31 14:01:07,0.4281,119.0,278,311.5,312.0,-0.5,0,0,280,280,399,399,good
2026-05-31 14:01:07,0.4275,118.0,276,312.0,312.0,0.0,0,0,280,280,398,398,good
2026-05-31 14:01:08,0.426,118.0,277,312.0,311.5,0.5,0,0,280,280,398,398,good
2026-05-31 14:01:08,0.426,118.0,277,312.0,311.5,0.5,0,0,280,280,398,398,good
2026-05-31 14:01:08,0.426,118.0,277,312.0,311.5,0.5,0,0,280,280,398,398,good
2026-05-31 14:01:08,0.4312,119.0,276,312.0,312.0,0.0,0,0,279,279,398,398,good
2026-05-31 14:01:09,0.4332,120.0,277,312.0,311.5,0.5,0,0,278,278,398,398,good
2026-05-31 14:01:09,0.4353,121.0,278,311.5,312.0,-0.5,0,0,278,278,399,399,good
2026-05-31 14:01:09,0.4373,122.0,279,311.0,312.5,-1.5,0,0,278,278,400,400,good
2026-05-31 14:01:09,0.4377,123.0,281,310.5,310.5,0.0,0,0,277,277,400,400,good
2026-05-31 14:01:09,0.4377,123.0,281,310.5,311.5,-1.0,0,0,277,277,400,400,good
2026-05-31 14:01:10,0.4377,123.0,281,310.5,311.5,-1.0,0,0,277,277,400,400,good
2026-05-31 14:01:10,0.4448,125.0,281,311.5,310.5,1.0,0,0,275,275,400,400,good
2026-05-31 14:01:10,0.4448,125.0,281,311.5,309.5,2.0,0,0,275,275,400,400,good
2026-05-31 14:01:10,0.4464,125.0,280,312.0,309.0,3.0,0,0,275,275,400,400,good
2026-05-31 14:01:10,0.4448,125.0,281,311.5,309.5,2.0,0,0,275,275,400,400,good
2026-05-31 14:01:11,0.4464,125.0,280,312.0,309.0,3.0,0,0,275,275,400,400,good
2026-05-31 14:01:11,0.4464,125.0,280,312.0,308.0,4.0,0,0,275,275,400,400,good
2026-05-31 14:01:11,0.4393,123.0,280,312.0,308.0,4.0,0,0,276,276,399,399,good
2026-05-31 14:01:11,0.4444,124.0,279,312.0,308.5,3.5,0,0,275,275,399,399,good
2026-05-31 14:01:11,0.4409,123.0,279,312.0,308.5,3.5,0,0,276,276,399,399,good
2026-05-31 14:01:12,0.4373,122.0,279,311.0,309.5,1.5,0,0,277,277,399,399,good
2026-05-31 14:01:12,0.4388,122.0,278,307.5,315.0,-7.5,0,0,277,277,399,399,good
2026-05-31 14:01:12,0.4393,123.0,280,305.0,321.0,-16.0,0,0,276,276,399,399,good
2026-05-31 14:01:12,0.4393,123.0,280,303.5,323.0,-19.5,0,0,277,277,400,400,good
2026-05-31 14:01:13,0.4413,124.0,281,302.0,325.5,-23.5,0,0,276,276,400,400,good
2026-05-31 14:01:13,0.4413,124.0,281,301.0,325.5,-24.5,0,0,277,277,401,401,good
2026-05-31 14:01:13,0.4397,124.0,282,300.5,326.0,-25.5,0,0,277,277,401,401,good
2026-05-31 14:01:13,0.4448,125.0,281,300.0,324.5,-24.5,0,0,276,276,401,401,good
2026-05-31 14:01:13,0.4464,125.0,280,300.0,323.0,-23.0,0,0,276,276,401,401,good
2026-05-31 14:01:14,0.4532,126.0,278,300.0,317.0,-17.0,0,0,275,275,401,401,good
2026-05-31 14:01:14,0.4516,126.0,279,300.0,314.5,-14.5,0,0,274,274,400,400,good
2026-05-31 14:01:14,0.4532,126.0,278,300.0,314.0,-14.0,0,0,274,274,400,400,good
2026-05-31 14:01:14,0.4513,125.0,277,300.5,313.5,-13.0,0,0,275,275,400,400,good
2026-05-31 14:01:15,0.4513,125.0,277,301.5,312.5,-11.0,0,0,275,275,400,400,good
2026-05-31 14:01:15,0.4424,123.0,278,303.0,312.0,-9.0,0,0,276,276,399,399,good
2026-05-31 14:01:47,0.4474,136.0,304,242.0,267.0,-25.0,0,0,279,279,415,415,bad_left
2026-05-31 14:01:47,0.4474,136.0,304,242.0,267.0,-25.0,0,0,279,279,415,415,bad_left
2026-05-31 14:01:47,0.4474,136.0,304,241.5,267.0,-25.5,0,0,279,279,415,415,bad_left
2026-05-31 14:01:47,0.4474,136.0,304,241.5,267.0,-25.5,0,0,279,279,415,415,bad_left
2026-05-31 14:01:48,0.4474,136.0,304,241.0,267.0,-26.0,0,0,279,279,415,415,bad_left
2026-05-31 14:01:48,0.4474,136.0,304,241.0,267.0,-26.0,0,0,279,279,415,415,bad_left
2026-05-31 14:01:48,0.4459,136.0,305,241.0,266.5,-25.5,0,0,279,279,415,415,bad_left
2026-05-31 14:01:48,0.4474,136.0,304,240.5,266.0,-25.5,0,0,279,279,415,415,bad_left
2026-05-31 14:01:48,0.4426,135.0,305,240.0,266.5,-26.5,0,0,280,280,415,415,bad_left
2026-05-31 14:01:49,0.4426,135.0,305,240.0,266.5,-26.5,0,0,280,280,415,415,bad_left
2026-05-31 14:01:49,0.4455,135.0,303,240.0,266.5,-26.5,0,0,280,280,415,415,bad_left
2026-05-31 14:01:49,0.4455,135.0,303,240.0,266.5,-26.5,0,0,280,280,415,415,bad_left
2026-05-31 14:01:49,0.4474,136.0,304,240.0,266.0,-26.0,0,0,280,280,416,416,bad_left
2026-05-31 14:01:49,0.4474,136.0,304,240.0,266.0,-26.0,0,0,280,280,416,416,bad_left
2026-05-31 14:01:50,0.4474,136.0,304,239.5,266.0,-26.5,0,0,280,280,416,416,bad_left
2026-05-31 14:01:50,0.4474,136.0,304,239.5,266.0,-26.5,0,0,280,280,416,416,bad_left
2026-05-31 14:01:50,0.4441,135.0,304,239.5,266.0,-26.5,0,0,280,280,415,415,bad_left
2026-05-31 14:01:50,0.4441,135.0,304,239.5,266.0,-26.5,0,0,280,280,415,415,bad_left
2026-05-31 14:01:50,0.4441,135.0,304,239.0,265.0,-26.0,0,0,280,280,415,415,bad_left
2026-05-31 14:01:51,0.4474,136.0,304,239.0,265.0,-26.0,0,0,280,280,416,416,bad_left
2026-05-31 14:01:51,0.4455,135.0,303,239.0,264.5,-25.5,0,0,280,280,415,415,bad_left
2026-05-31 14:01:51,0.4474,136.0,304,238.5,265.0,-26.5,0,0,280,280,416,416,bad_left
2026-05-31 14:01:51,0.4474,136.0,304,238.5,265.0,-26.5,0,0,280,280,416,416,bad_left
2026-05-31 14:01:52,0.4474,136.0,304,238.5,265.0,-26.5,0,0,280,280,416,416,bad_left
2026-05-31 14:01:52,0.4459,136.0,305,238.5,264.5,-26.0,0,0,280,280,416,416,bad_left
2026-05-31 14:01:52,0.4459,136.0,305,237.5,264.5,-27.0,0,0,280,280,416,416,bad_left
2026-05-31 14:01:52,0.4474,136.0,304,237.5,265.0,-27.5,0,0,280,280,416,416,bad_left
2026-05-31 14:01:52,0.4474,136.0,304,237.5,264.0,-26.5,0,0,280,280,416,416,bad_left
2026-05-31 14:01:53,0.4474,136.0,304,236.5,264.0,-27.5,0,0,280,280,416,416,bad_left
2026-05-31 14:01:53,0.4474,136.0,304,236.5,264.0,-27.5,0,0,280,280,416,416,bad_left
2026-05-31 14:01:53,0.4474,136.0,304,236.0,264.0,-28.0,0,0,280,280,416,416,bad_left
2026-05-31 14:01:53,0.4474,136.0,304,236.0,264.0,-28.0,0,0,280,280,416,416,bad_left
2026-05-31 14:01:53,0.4474,136.0,304,235.5,264.0,-28.5,0,0,280,280,416,416,bad_left
2026-05-31 14:01:54,0.4474,136.0,304,235.5,264.0,-28.5,0,0,280,280,416,416,bad_left
2026-05-31 14:01:54,0.4474,136.0,304,235.5,264.0,-28.5,0,0,280,280,416,416,bad_left
2026-05-31 14:01:54,0.4474,136.0,304,235.5,263.0,-27.5,0,0,280,280,416,416,bad_left
2026-05-31 14:01:54,0.4474,136.0,304,235.5,263.0,-27.5,0,0,281,281,417,417,bad_left
2026-05-31 14:01:55,0.4474,136.0,304,235.5,263.0,-27.5,0,0,281,281,417,417,bad_left
2026-05-31 14:01:55,0.4507,137.0,304,235.5,263.0,-27.5,0,0,280,280,417,417,bad_left
2026-05-31 14:01:55,0.4492,137.0,305,235.5,263.5,-28.0,0,0,280,280,417,417,bad_left
2026-05-31 14:01:55,0.4507,137.0,304,235.5,263.0,-27.5,0,0,280,280,417,417,bad_left
2026-05-31 14:01:55,0.4474,136.0,304,235.5,263.0,-27.5,0,0,280,280,416,416,bad_left
2026-05-31 14:01:56,0.4474,136.0,304,235.5,263.0,-27.5,0,0,280,280,416,416,bad_left
2026-05-31 14:01:56,0.4474,136.0,304,235.5,263.0,-27.5,0,0,280,280,416,416,bad_left
2026-05-31 14:01:56,0.4459,136.0,305,235.5,263.5,-28.0,0,0,280,280,416,416,bad_left
2026-05-31 14:01:56,0.4459,136.0,305,235.5,263.5,-28.0,0,0,280,280,416,416,bad_left
2026-05-31 14:01:56,0.4474,136.0,304,234.5,263.0,-28.5,0,0,280,280,416,416,bad_left
2026-05-31 17:18:18,0.4635,146.0,315,302.0,318.5,-16.5,0,0,246,246,392,392,bad_forward
2026-05-31 17:18:18,0.4635,146.0,315,302.0,317.5,-15.5,0,0,246,246,392,392,bad_forward
2026-05-31 17:18:18,0.4682,147.0,314,301.5,317.0,-15.5,0,0,246,246,393,393,bad_forward
2026-05-31 17:18:18,0.4684,148.0,316,302.5,319.0,-16.5,0,0,247,247,395,395,bad_forward
2026-05-31 17:18:18,0.4713,148.0,314,303.0,321.0,-18.0,0,0,248,248,396,396,bad_forward
2026-05-31 17:18:19,0.4682,147.0,314,303.5,321.0,-17.5,0,0,249,249,396,396,bad_forward
2026-05-31 17:18:19,0.4682,147.0,314,303.5,321.0,-17.5,0,0,249,249,396,396,bad_forward
2026-05-31 17:18:19,0.4684,148.0,316,303.0,321.0,-18.0,0,0,249,249,397,397,bad_forward
2026-05-31 17:18:19,0.4667,147.0,315,303.0,321.5,-18.5,0,0,250,250,397,397,bad_forward
2026-05-31 17:18:20,0.4652,147.0,316,303.0,321.0,-18.0,0,0,250,250,397,397,bad_forward
2026-05-31 17:18:20,0.4652,147.0,316,303.5,321.0,-17.5,0,0,250,250,397,397,bad_forward
2026-05-31 17:18:20,0.462,146.0,316,303.5,321.0,-17.5,0,0,251,251,397,397,bad_forward
2026-05-31 17:18:20,0.4591,146.0,318,303.5,321.0,-17.5,0,0,251,251,397,397,bad_forward
2026-05-31 17:18:20,0.462,146.0,316,303.0,321.0,-18.0,0,0,251,251,397,397,bad_forward
2026-05-31 17:18:21,0.4606,146.0,317,303.0,321.5,-18.5,0,0,251,251,397,397,bad_forward
2026-05-31 17:18:21,0.4606,146.0,317,303.0,321.5,-18.5,0,0,251,251,397,397,bad_forward
2026-05-31 17:18:21,0.4606,146.0,317,302.5,321.5,-19.0,0,0,251,251,397,397,bad_forward
2026-05-31 17:18:21,0.4574,145.0,317,302.5,321.5,-19.0,0,0,251,251,396,396,bad_forward
2026-05-31 17:18:21,0.4574,145.0,317,302.5,321.5,-19.0,0,0,251,251,396,396,bad_forward
2026-05-31 17:18:22,0.4574,145.0,317,302.5,321.5,-19.0,0,0,251,251,396,396,bad_forward
2026-05-31 17:18:22,0.4557,144.0,316,302.5,321.0,-18.5,0,0,252,252,396,396,bad_forward
2026-05-31 17:18:22,0.4543,144.0,317,302.5,321.5,-19.0,0,0,252,252,396,396,bad_forward
2026-05-31 17:18:22,0.4574,145.0,317,302.5,321.5,-19.0,0,0,252,252,397,397,bad_forward
2026-05-31 17:18:22,0.4589,145.0,316,302.5,321.0,-18.5,0,0,252,252,397,397,bad_forward
2026-05-31 17:18:23,0.4525,143.0,316,302.5,321.0,-18.5,0,0,253,253,396,396,bad_forward
2026-05-31 17:18:23,0.4571,144.0,315,302.5,321.5,-19.0,0,0,252,252,396,396,bad_forward
2026-05-31 17:18:23,0.4557,144.0,316,302.5,321.0,-18.5,0,0,253,253,397,397,bad_forward
2026-05-31 17:18:23,0.4557,144.0,316,302.5,321.0,-18.5,0,0,253,253,397,397,bad_forward
2026-05-31 17:18:24,0.4571,144.0,315,302.5,321.5,-19.0,0,0,253,253,397,397,bad_forward
2026-05-31 17:18:24,0.4543,144.0,317,302.5,321.5,-19.0,0,0,253,253,397,397,bad_forward
2026-05-31 17:18:24,0.4511,143.0,317,302.5,321.5,-19.0,0,0,254,254,397,397,bad_forward
2026-05-31 17:18:24,0.4497,143.0,318,302.5,321.0,-18.5,0,0,254,254,397,397,bad_forward
2026-05-31 17:18:24,0.4497,143.0,318,302.0,321.0,-19.0,0,0,254,254,397,397,bad_forward
2026-05-31 17:18:25,0.4511,143.0,317,302.5,321.5,-19.0,0,0,254,254,397,397,bad_forward
2026-05-31 17:18:25,0.4494,142.0,316,302.5,321.0,-18.5,0,0,254,254,396,396,bad_forward
2026-05-31 17:18:25,0.4525,143.0,316,302.5,321.0,-18.5,0,0,254,254,397,397,bad_forward
2026-05-31 17:18:25,0.4511,143.0,317,302.0,320.5,-18.5,0,0,254,254,397,397,bad_forward
2026-05-31 17:18:26,0.4525,143.0,316,302.5,321.0,-18.5,0,0,254,254,397,397,bad_forward
2026-05-31 17:18:26,0.4511,143.0,317,302.0,320.5,-18.5,0,0,254,254,397,397,bad_forward
2026-05-31 17:18:26,0.4511,143.0,317,302.0,320.5,-18.5,0,0,254,254,397,397,bad_forward
2026-05-31 17:18:26,0.4511,143.0,317,302.0,320.5,-18.5,0,0,254,254,397,397,bad_forward
2026-05-31 17:18:26,0.4525,143.0,316,302.0,320.0,-18.0,0,0,254,254,397,397,bad_forward
2026-05-31 17:18:27,0.4525,143.0,316,302.0,320.0,-18.0,0,0,254,254,397,397,bad_forward
2026-05-31 17:18:27,0.4557,144.0,316,302.0,320.0,-18.0,0,0,254,254,398,398,bad_forward
2026-05-31 17:18:27,0.4494,142.0,316,302.0,320.0,-18.0,0,0,255,255,397,397,bad_forward
2026-05-31 17:18:27,0.4525,143.0,316,302.0,320.0,-18.0,0,0,254,254,397,397,bad_forward
2026-05-31 17:18:27,0.4525,143.0,316,302.0,320.0,-18.0,0,0,254,254,397,397,bad_forward
2026-05-31 17:18:28,0.4511,143.0,317,301.5,320.5,-19.0,0,0,254,254,397,397,bad_forward
2026-05-31 17:32:34,0.4935,151.0,306,310.5,325.0,-14.5,0,0,209,209,360,360,good
2026-05-31 17:32:34,0.4919,151.0,307,311.5,325.5,-14.0,0,0,209,209,360,360,good
2026-05-31 17:32:34,0.4886,150.0,307,312.0,325.5,-13.5,0,0,209,209,359,359,good
2026-05-31 17:32:34,0.4919,152.0,309,312.0,325.5,-13.5,0,0,207,207,359,359,good
2026-05-31 17:32:35,0.5049,154.0,305,313.0,325.5,-12.5,0,0,208,208,362,362,good
2026-05-31 17:32:35,0.5132,155.0,302,313.0,325.0,-12.0,0,0,207,207,362,362,good
2026-05-31 17:32:35,0.51,153.0,300,312.0,324.0,-12.0,0,0,208,208,361,361,good
2026-05-31 17:32:35,0.5167,155.0,300,312.0,324.0,-12.0,0,0,209,209,364,364,good
2026-05-31 17:32:35,0.5249,158.0,301,312.5,324.5,-12.0,0,0,210,210,368,368,good
2026-05-31 17:32:36,0.5249,158.0,301,312.0,324.5,-12.5,0,0,210,210,368,368,good
2026-05-31 17:32:36,0.5282,159.0,301,313.0,324.5,-11.5,0,0,211,211,370,370,good
2026-05-31 17:32:36,0.5265,159.0,302,313.0,325.0,-12.0,0,0,211,211,370,370,good
2026-05-31 17:32:36,0.5298,160.0,302,313.5,325.0,-11.5,0,0,210,210,370,370,good
2026-05-31 17:32:36,0.5281,160.0,303,313.5,325.5,-12.0,0,0,210,210,370,370,good
2026-05-31 17:32:37,0.5246,160.0,305,314.0,325.5,-11.5,0,0,209,209,369,369,good
2026-05-31 17:32:37,0.5244,161.0,307,314.0,325.5,-11.5,0,0,208,208,369,369,good
2026-05-31 17:32:37,0.5244,161.0,307,314.5,325.5,-11.0,0,0,206,206,367,367,good
2026-05-31 17:32:37,0.5227,161.0,308,313.5,325.0,-11.5,0,0,205,205,366,366,good
2026-05-31 17:32:38,0.5227,161.0,308,313.5,325.0,-11.5,0,0,205,205,366,366,good
2026-05-31 17:32:38,0.5227,161.0,308,312.5,326.0,-13.5,0,0,205,205,366,366,good
2026-05-31 17:32:38,0.5212,160.0,307,312.5,325.5,-13.0,0,0,206,206,366,366,good
2026-05-31 17:32:38,0.5195,160.0,308,312.5,325.0,-12.5,0,0,206,206,366,366,good
2026-05-31 17:32:38,0.5212,160.0,307,312.5,324.5,-12.0,0,0,206,206,366,366,good
2026-05-31 17:32:39,0.5244,161.0,307,312.5,324.5,-12.0,0,0,205,205,366,366,good
2026-05-31 17:32:39,0.526,162.0,308,312.5,324.0,-11.5,0,0,205,205,367,367,good
2026-05-31 17:32:39,0.5294,162.0,306,312.5,323.0,-10.5,0,0,205,205,367,367,good
2026-05-31 17:32:39,0.5279,161.0,305,313.0,322.5,-9.5,0,0,206,206,367,367,good
2026-05-31 17:32:40,0.5213,159.0,305,312.5,322.5,-10.0,0,0,207,207,366,366,good
2026-05-31 17:32:40,0.523,159.0,304,311.5,322.0,-10.5,0,0,207,207,366,366,good
2026-05-31 17:32:40,0.523,159.0,304,311.5,322.0,-10.5,0,0,207,207,366,366,good
2026-05-31 17:32:40,0.5248,159.0,303,312.5,323.5,-11.0,0,0,206,206,365,365,good
2026-05-31 17:32:40,0.5281,160.0,303,312.0,323.5,-11.5,0,0,205,205,365,365,good
2026-05-31 17:32:41,0.5279,161.0,305,312.5,323.5,-11.0,0,0,205,205,366,366,good
2026-05-31 17:32:41,0.5279,161.0,305,312.0,322.5,-10.5,0,0,204,204,365,365,good
2026-05-31 17:32:41,0.5279,161.0,305,311.5,322.5,-11.0,0,0,203,203,364,364,good
2026-05-31 17:32:41,0.5246,160.0,305,311.5,322.5,-11.0,0,0,203,203,363,363,good
2026-05-31 17:32:41,0.5197,158.0,304,312.5,323.0,-10.5,0,0,203,203,361,361,good
2026-05-31 17:32:42,0.5199,157.0,302,313.5,324.0,-10.5,0,0,204,204,361,361,good
2026-05-31 17:32:42,0.5217,156.0,299,314.0,324.5,-10.5,0,0,205,205,361,361,good
2026-05-31 17:32:42,0.5201,155.0,298,314.0,325.0,-11.0,0,0,207,207,362,362,good
2026-05-31 17:32:42,0.5168,154.0,298,313.5,325.0,-11.5,0,0,208,208,362,362,good
2026-05-31 17:32:42,0.5135,152.0,296,313.0,324.0,-11.0,0,0,210,210,362,362,good
2026-05-31 17:32:43,0.5102,150.0,294,313.0,324.0,-11.0,0,0,212,212,362,362,good
2026-05-31 17:32:43,0.5137,150.0,292,313.5,324.0,-10.5,0,0,212,212,362,362,good
2026-05-31 17:32:43,0.512,149.0,291,313.5,324.5,-11.0,0,0,213,213,362,362,good
2026-05-31 17:32:43,0.5137,150.0,292,313.5,324.0,-10.5,0,0,213,213,363,363,good
2026-05-31 17:32:43,0.5103,149.0,292,313.5,324.0,-10.5,0,0,214,214,363,363,good
2026-05-31 17:32:44,0.512,149.0,291,313.5,323.5,-10.0,0,0,214,214,363,363,good
2026-06-01 09:27:47,0.4585,127.0,277,304.0,317.5,-13.5,0,0,213,213,340,340,good
2026-06-01 09:27:47,0.4562,125.0,274,301.5,316.0,-14.5,0,0,214,214,339,339,good
2026-06-01 09:27:48,0.4615,126.0,273,301.5,316.5,-15.0,0,0,215,215,341,341,good
2026-06-01 09:27:48,0.4649,126.0,271,302.5,317.5,-15.0,0,0,215,215,341,341,good
2026-06-01 09:27:48,0.4704,127.0,270,302.5,318.0,-15.5,0,0,215,215,342,342,good
2026-06-01 09:27:48,0.4812,128.0,266,303.5,320.0,-16.5,0,0,215,215,343,343,good
2026-06-01 09:27:48,0.4774,127.0,266,303.5,321.0,-17.5,0,0,215,215,342,342,good
2026-06-01 09:27:49,0.4792,127.0,265,304.5,321.5,-17.0,0,0,215,215,342,342,good
2026-06-01 09:27:49,0.4869,130.0,267,306.5,323.5,-17.0,0,0,214,214,344,344,good
2026-06-01 09:27:49,0.4813,129.0,268,308.0,323.0,-15.0,0,0,216,216,345,345,good
2026-06-01 09:27:49,0.485,129.0,266,308.5,324.0,-15.5,0,0,215,215,344,344,good
2026-06-01 09:27:50,0.485,129.0,266,309.0,324.0,-15.0,0,0,215,215,344,344,good
2026-06-01 09:27:50,0.4755,126.0,265,309.5,324.5,-15.0,0,0,217,217,343,343,good
2026-06-01 09:27:50,0.4773,126.0,264,309.5,325.0,-15.5,0,0,217,217,343,343,good
2026-06-01 09:27:50,0.4791,126.0,263,309.5,324.5,-15.0,0,0,217,217,343,343,good
2026-06-01 09:27:50,0.4791,126.0,263,310.0,324.5,-14.5,0,0,217,217,343,343,good
2026-06-01 09:27:51,0.4809,126.0,262,310.5,325.0,-14.5,0,0,217,217,343,343,good
2026-06-01 09:27:51,0.4791,126.0,263,311.0,325.5,-14.5,0,0,217,217,343,343,good
2026-06-01 09:27:51,0.4809,126.0,262,311.0,326.0,-15.0,0,0,217,217,343,343,good
2026-06-01 09:27:51,0.4809,126.0,262,311.5,326.0,-14.5,0,0,217,217,343,343,good
2026-06-01 09:27:52,0.4789,125.0,261,311.5,326.5,-15.0,0,0,218,218,343,343,good
2026-06-01 09:27:52,0.4771,125.0,262,312.0,326.0,-14.0,0,0,218,218,343,343,good
2026-06-01 09:27:52,0.4809,126.0,262,312.0,326.0,-14.0,0,0,217,217,343,343,good
2026-06-01 09:27:52,0.4828,126.0,261,312.5,326.5,-14.0,0,0,217,217,343,343,good
2026-06-01 09:27:52,0.4828,126.0,261,313.0,326.5,-13.5,0,0,217,217,343,343,good
2026-06-01 09:27:53,0.4846,126.0,260,313.5,327.0,-13.5,0,0,217,217,343,343,good
2026-06-01 09:27:53,0.4865,126.0,259,314.0,327.5,-13.5,0,0,217,217,343,343,good
2026-06-01 09:27:53,0.4846,126.0,260,314.0,328.0,-14.0,0,0,217,217,343,343,good
2026-06-01 09:27:53,0.4846,126.0,260,314.5,328.0,-13.5,0,0,217,217,343,343,good
2026-06-01 09:27:54,0.4846,126.0,260,315.0,328.0,-13.0,0,0,217,217,343,343,good
2026-06-01 09:27:54,0.4846,126.0,260,315.0,328.0,-13.0,0,0,217,217,343,343,good
2026-06-01 09:27:54,0.4845,125.0,258,315.0,328.0,-13.0,0,0,217,217,342,342,good
2026-06-01 09:27:54,0.4806,124.0,258,315.0,328.0,-13.0,0,0,218,218,342,342,good
2026-06-01 09:27:54,0.4826,125.0,259,315.5,328.5,-13.0,0,0,217,217,342,342,good
2026-06-01 09:27:55,0.4865,126.0,259,315.5,328.5,-13.0,0,0,217,217,343,343,good
2026-06-01 09:27:55,0.4903,127.0,259,315.5,328.5,-13.0,0,0,216,216,343,343,good
2026-06-01 09:27:55,0.4865,126.0,259,315.5,328.5,-13.0,0,0,217,217,343,343,good
2026-06-01 09:27:55,0.4884,126.0,258,315.5,329.0,-13.5,0,0,216,216,342,342,good
2026-06-01 09:27:56,0.4845,125.0,258,315.5,329.0,-13.5,0,0,217,217,342,342,good
2026-06-01 09:27:56,0.4885,127.0,260,315.5,329.0,-13.5,0,0,216,216,343,343,good
2026-06-01 09:27:56,0.4903,127.0,259,315.5,328.5,-13.0,0,0,216,216,343,343,good
2026-06-01 09:27:56,0.4885,127.0,260,315.5,328.0,-12.5,0,0,216,216,343,343,good
2026-06-01 09:27:57,0.4846,126.0,260,315.5,329.0,-13.5,0,0,217,217,343,343,good
2026-06-01 09:27:57,0.4846,126.0,260,315.5,329.0,-13.5,0,0,217,217,343,343,good
2026-06-01 09:27:57,0.4828,126.0,261,315.5,328.5,-13.0,0,0,217,217,343,343,good
2026-06-02 09:55:29,0.471,122.0,259,313.5,325.5,-12.0,0,0,266,266,388,388,good
2026-06-02 09:55:29,0.4688,120.0,256,313.5,325.0,-11.5,0,0,267,267,387,387,good
2026-06-02 09:55:30,0.4706,120.0,255,312.5,325.5,-13.0,0,0,267,267,387,387,good
2026-06-02 09:55:30,0.4764,121.0,254,312.5,326.0,-13.5,0,0,267,267,388,388,good
2026-06-02 09:55:30,0.4718,117.0,248,310.5,325.0,-14.5,0,0,269,269,386,386,good
2026-06-02 09:55:30,0.4779,119.0,249,309.5,324.5,-15.0,0,0,267,267,386,386,good
2026-06-02 09:55:31,0.494,123.0,249,309.0,323.5,-14.5,0,0,265,265,388,388,good
2026-06-02 09:55:31,0.502,124.0,247,310.0,324.5,-14.5,0,0,264,264,388,388,good
2026-06-02 09:55:31,0.5061,125.0,247,311.0,325.5,-14.5,0,0,264,264,389,389,good
2026-06-02 09:55:31,0.502,124.0,247,311.5,324.5,-13.0,0,0,265,265,389,389,good
2026-06-02 09:55:32,0.492,123.0,250,311.5,326.0,-14.5,0,0,265,265,388,388,good
2026-06-02 09:55:32,0.4919,122.0,248,311.0,325.0,-14.0,0,0,266,266,388,388,good
2026-06-02 09:55:32,0.488,122.0,250,313.5,324.0,-10.5,0,0,266,266,388,388,good
2026-06-02 09:55:32,0.496,123.0,248,317.0,323.0,-6.0,0,0,266,266,389,389,good
2026-06-02 09:55:32,0.498,122.0,245,320.0,321.5,-1.5,0,0,267,267,389,389,good
2026-06-02 09:55:33,0.5,122.0,244,322.0,321.0,1.0,0,0,267,267,389,389,good
2026-06-02 09:55:33,0.5,122.0,244,323.5,321.0,2.5,0,0,267,267,389,389,good
2026-06-02 09:55:33,0.5062,123.0,243,324.0,320.5,3.5,0,0,266,266,389,389,good
2026-06-02 09:55:33,0.5124,124.0,242,324.0,320.0,4.0,0,0,265,265,389,389,good
2026-06-02 09:55:34,0.5082,124.0,244,324.5,320.0,4.5,0,0,265,265,389,389,good
2026-06-02 09:55:34,0.5123,125.0,244,324.5,320.0,4.5,0,0,265,265,390,390,good
2026-06-02 09:55:34,0.5123,125.0,244,324.5,320.0,4.5,0,0,265,265,390,390,good
2026-06-02 09:55:34,0.5,125.0,250,315.5,320.0,-4.5,0,0,265,265,390,390,good
2026-06-02 09:55:35,0.4881,123.0,252,310.5,321.0,-10.5,0,0,266,266,389,389,good
2026-06-02 09:55:35,0.484,121.0,250,307.5,322.0,-14.5,0,0,266,266,387,387,good
2026-06-02 09:55:35,0.4821,121.0,251,307.5,323.5,-16.0,0,0,266,266,387,387,good
2026-06-02 09:55:35,0.4783,121.0,253,308.0,324.5,-16.5,0,0,265,265,386,386,good
2026-06-02 09:55:35,0.4802,121.0,252,310.0,325.0,-15.0,0,0,265,265,386,386,good
2026-06-02 09:55:36,0.4843,123.0,254,310.5,326.0,-15.5,0,0,264,264,387,387,good
2026-06-02 09:55:36,0.4822,122.0,253,310.5,324.5,-14.0,0,0,264,264,386,386,good
2026-06-02 09:55:36,0.4803,122.0,254,311.5,325.0,-13.5,0,0,264,264,386,386,good
2026-06-02 09:55:36,0.4724,120.0,254,311.0,325.0,-14.0,0,0,266,266,386,386,good
2026-06-02 09:55:36,0.4783,121.0,253,310.5,325.5,-15.0,0,0,265,265,386,386,good
2026-06-02 09:55:37,0.4743,120.0,253,310.5,325.5,-15.0,0,0,265,265,385,385,good
2026-06-02 09:55:37,0.4783,121.0,253,310.0,324.5,-14.5,0,0,265,265,386,386,good
2026-06-02 09:55:37,0.4743,120.0,253,310.0,324.5,-14.5,0,0,265,265,385,385,good
2026-06-02 09:55:37,0.4762,120.0,252,310.0,324.0,-14.0,0,0,265,265,385,385,good
2026-06-02 09:55:38,0.4762,120.0,252,311.0,326.0,-15.0,0,0,265,265,385,385,good
2026-06-02 09:55:38,0.48,120.0,250,311.0,325.0,-14.0,0,0,265,265,385,385,good
2026-06-02 09:55:38,0.4781,120.0,251,311.0,324.5,-13.5,0,0,265,265,385,385,good
2026-06-02 09:55:38,0.484,121.0,250,311.0,325.0,-14.0,0,0,264,264,385,385,good
2026-06-02 09:55:39,0.4741,119.0,251,311.0,325.5,-14.5,0,0,265,265,384,384,good
2026-06-02 09:55:39,0.4762,120.0,252,311.0,325.0,-14.0,0,0,264,264,384,384,good
2026-06-02 09:55:39,0.4802,121.0,252,311.0,325.0,-14.0,0,0,264,264,385,385,good
2026-06-02 09:55:39,0.4821,121.0,251,311.0,324.5,-13.5,0,0,264,264,385,385,good
