timestamp,ratio,baseline_ratio,difference,status
2026-05-31 11:41:04,0.4754,,,normal
2026-05-31 11:41:05,0.4770,,,normal
2026-05-31 11:41:06,0.4673,,,normal
2026-05-31 11:41:07,0.4811,,,normal
2026-05-31 11:41:08,0.4830,,,normal
2026-05-31 11:41:09,0.4769,,,normal
2026-05-31 11:41:10,0.4750,,,normal
2026-05-31 11:41:11,0.4916,,,normal
2026-05-31 11:41:12,0.4820,,,normal
2026-05-31 11:41:13,0.4806,,,normal
2026-05-31 11:41:14,0.4840,,,normal
2026-05-31 11:41:15,0.4855,,,normal
2026-05-31 11:41:16,0.4871,,,normal
2026-05-31 11:41:17,0.4792,,,normal
2026-05-31 11:41:18,0.4808,,,normal
2026-05-31 11:41:19,0.4792,,,normal
2026-05-31 11:41:20,0.4776,,,normal
2026-05-31 11:41:21,0.4791,,,normal
2026-05-31 11:41:22,0.4730,,,normal
2026-05-31 11:41:23,0.4545,,,normal
2026-05-31 11:41:24,0.4579,,,normal
2026-05-31 11:41:25,0.4730,,,normal
2026-05-31 11:41:26,0.4483,,,normal
2026-05-31 11:41:27,0.4921,,,normal
2026-05-31 11:41:28,0.4872,,,normal
2026-05-31 11:41:29,0.4903,,,normal
2026-05-31 11:41:30,0.4870,,,normal
2026-05-31 11:41:31,0.4934,,,normal
2026-05-31 11:41:32,0.4754,,,normal
2026-05-31 11:41:33,0.4967,,,normal
2026-05-31 11:41:34,0.4685,,,normal
2026-05-31 11:41:35,0.4770,,,normal
2026-05-31 11:41:36,0.4712,,,normal
2026-05-31 11:41:37,0.4664,,,normal
2026-05-31 11:41:38,0.4735,,,normal
2026-05-31 11:41:39,0.4834,,,normal
2026-05-31 11:41:40,0.4836,,,normal
2026-05-31 11:41:41,0.4804,,,normal
2026-05-31 11:41:42,0.4836,,,normal
2026-05-31 11:41:43,0.4820,,,normal
2026-05-31 11:41:45,0.4804,,,normal
2026-05-31 11:41:46,0.4868,,,normal
2026-05-31 11:41:47,0.5049,,,normal
2026-05-31 11:41:48,0.5130,,,normal
2026-05-31 11:41:49,0.5065,,,normal
2026-05-31 11:41:50,0.4869,,,normal
2026-05-31 11:41:51,0.4868,,,normal
2026-05-31 11:41:52,0.4837,,,normal
2026-05-31 11:41:53,0.4984,,,normal
2026-05-31 11:41:54,0.4901,,,normal
2026-05-31 11:41:55,0.4934,,,normal
2026-05-31 11:41:56,0.4868,,,normal
2026-05-31 11:41:57,0.4820,,,normal
2026-05-31 11:41:58,0.4869,,,normal
2026-05-31 11:41:59,0.4868,,,normal
2026-05-31 11:42:00,0.4935,,,normal
2026-05-31 11:42:01,0.4885,,,normal
2026-05-31 11:42:02,0.4853,,,normal
2026-05-31 11:42:03,0.4838,,,normal
2026-05-31 11:42:04,0.4854,,,normal
2026-05-31 11:42:05,0.4887,,,normal
2026-05-31 11:42:06,0.4855,,,normal
2026-05-31 11:42:07,0.4823,,,normal
2026-05-31 11:42:08,0.4839,,,normal
2026-05-31 11:42:09,0.4839,,,normal
2026-05-31 11:42:10,0.4871,,,normal
2026-05-31 11:42:11,0.4839,,,normal
2026-05-31 11:42:12,0.4583,,,normal
2026-05-31 11:42:13,0.4647,,,normal
2026-05-31 11:42:14,0.4613,,,normal
2026-05-31 11:42:15,0.4771,,,normal
2026-05-31 11:42:16,0.3942,,,normal
2026-05-31 11:42:17,0.3191,,,turtle
2026-05-31 11:42:18,0.4268,,,normal
2026-05-31 11:42:19,0.4494,,,normal
2026-05-31 11:42:21,0.4465,,,normal
2026-05-31 11:42:22,0.3930,,,normal
2026-05-31 11:42:23,0.4156,,,normal
2026-05-31 11:42:24,0.4433,,,normal
2026-05-31 11:42:25,0.4448,,,normal
2026-05-31 11:42:26,0.4427,,,normal
2026-05-31 11:42:27,0.4717,,,normal
2026-05-31 11:42:28,0.4778,,,normal
2026-05-31 11:42:29,0.4762,,,normal
2026-05-31 11:42:30,0.4809,,,normal
2026-05-31 11:42:31,0.4824,,,normal
2026-05-31 11:42:32,0.4747,,,normal
2026-05-31 11:42:33,0.4760,,,normal
2026-05-31 11:42:34,0.4808,,,normal
2026-05-31 11:42:35,0.4824,,,normal
2026-05-31 11:42:36,0.4840,,,normal
2026-05-31 11:42:37,0.4732,,,normal
2026-05-31 11:42:38,0.4369,,,normal
2026-05-31 11:42:39,0.4291,,,normal
2026-05-31 11:42:40,0.4271,,,normal
2026-05-31 11:42:41,0.4315,,,normal
2026-05-31 11:42:42,0.4296,,,normal
2026-05-31 11:42:43,0.4252,,,normal
2026-05-31 11:42:44,0.4334,,,normal
2026-05-31 11:42:45,0.4803,,,normal
2026-05-31 11:42:46,0.4805,,,normal
2026-05-31 11:42:47,0.4790,,,normal
2026-05-31 11:42:48,0.4744,,,normal
2026-05-31 11:42:49,0.4806,,,normal
2026-05-31 11:42:50,0.4808,,,normal
2026-05-31 11:42:51,0.4744,,,normal
2026-05-31 11:42:52,0.4808,,,normal
2026-05-31 11:42:53,0.4742,,,normal
2026-05-31 11:42:54,0.4744,,,normal
2026-05-31 11:42:55,0.4742,,,normal
2026-05-31 11:42:56,0.4759,,,normal
2026-05-31 11:42:57,0.4742,,,normal
2026-05-31 11:42:58,0.4757,,,normal
2026-05-31 11:42:59,0.4742,,,normal
2026-05-31 11:43:00,0.4744,,,normal
2026-05-31 11:43:01,0.4727,,,normal
2026-05-31 11:43:02,0.4759,,,normal
2026-05-31 11:43:03,0.4756,,,normal
2026-05-31 11:43:04,0.4774,,,normal
2026-05-31 11:43:05,0.4710,,,normal
2026-05-31 11:43:06,0.4742,,,normal
2026-05-31 11:43:08,0.4710,,,normal
2026-05-31 11:43:09,0.4710,,,normal
2026-05-31 11:43:10,0.4742,,,normal
2026-05-31 11:43:11,0.4740,,,normal
2026-05-31 11:43:12,0.4725,,,normal
2026-05-31 11:43:13,0.4718,,,normal
2026-05-31 11:43:14,0.4721,,,normal
2026-05-31 11:43:15,0.4737,,,normal
2026-05-31 11:43:16,0.4739,,,normal
2026-05-31 11:43:17,0.4754,,,normal
2026-05-31 11:43:18,0.4689,,,normal
2026-05-31 11:43:19,0.4721,,,normal
2026-05-31 11:43:20,0.4706,,,normal
2026-05-31 11:43:21,0.4691,,,normal
2026-05-31 11:43:22,0.4689,,,normal
2026-05-31 11:43:23,0.4673,,,normal
2026-05-31 11:43:24,0.4161,,,normal
2026-05-31 11:43:25,0.4212,,,normal
2026-05-31 11:43:26,0.4341,,,normal
2026-05-31 11:43:27,0.4387,,,normal
2026-05-31 11:43:28,0.4620,,,normal
2026-05-31 11:43:29,0.4653,,,normal
2026-05-31 11:43:30,0.4704,,,normal
2026-05-31 11:43:31,0.4698,,,normal
2026-05-31 11:43:32,0.4702,,,normal
2026-05-31 11:43:33,0.4520,,,normal
2026-05-31 11:43:34,0.4452,,,normal
2026-05-31 11:43:35,0.4816,,,normal
2026-05-31 11:43:36,0.4865,,,normal
2026-05-31 11:43:37,0.4767,,,normal
2026-05-31 11:43:38,0.4751,,,normal
2026-05-31 11:43:39,0.4767,,,normal
2026-05-31 11:43:40,0.4768,,,normal
2026-05-31 11:43:41,0.4751,,,normal
2026-05-31 11:43:42,0.4768,,,normal
2026-05-31 11:43:43,0.4817,,,normal
2026-05-31 11:43:44,0.4768,,,normal
2026-05-31 11:43:46,0.4752,,,normal
2026-05-31 11:43:47,0.4172,,,normal
2026-05-31 11:43:48,0.4027,,,normal
2026-05-31 11:43:49,0.4028,,,normal
2026-05-31 11:43:50,0.4075,,,normal
2026-05-31 11:43:51,0.4130,,,normal
2026-05-31 11:43:52,0.3993,,,normal
2026-05-31 11:43:53,0.4034,,,normal
2026-05-31 11:43:54,0.4020,,,normal
2026-05-31 11:43:55,0.4027,,,normal
2026-05-31 11:43:56,0.4040,,,normal
2026-05-31 11:43:57,0.4061,,,normal
2026-05-31 11:43:58,0.3987,,,normal
2026-05-31 11:43:59,0.3960,,,normal
2026-05-31 11:44:00,0.4000,,,normal
2026-05-31 11:44:01,0.4669,,,normal
2026-05-31 11:44:02,0.4702,,,normal
2026-05-31 11:44:03,0.4735,,,normal
2026-05-31 11:44:04,0.4686,,,normal
2026-05-31 11:44:05,0.4702,,,normal
2026-05-31 11:44:06,0.4638,,,normal
2026-05-31 11:44:07,0.4593,,,normal
2026-05-31 11:44:08,0.4578,,,normal
2026-05-31 11:44:09,0.4623,,,normal
2026-05-31 11:44:10,0.4656,,,normal
2026-05-31 11:44:11,0.4590,,,normal
2026-05-31 11:44:12,0.4608,,,normal
2026-05-31 11:44:13,0.4593,,,normal
2026-05-31 11:44:14,0.4608,,,normal
2026-05-31 11:44:15,0.4620,,,normal
2026-05-31 11:44:17,0.4714,,,normal
2026-05-31 11:44:18,0.4400,,,normal
2026-05-31 11:44:19,0.4820,,,normal
2026-05-31 11:44:20,0.4400,,,normal
2026-05-31 11:44:21,0.4408,,,normal
2026-05-31 11:44:22,0.4509,,,normal
2026-05-31 11:44:23,0.4429,,,normal
2026-05-31 11:44:25,-1.5714,,,normal
2026-05-31 11:44:30,-0.6173,,,normal
2026-05-31 11:44:32,-56.0000,,,normal
2026-05-31 11:44:34,-2.4667,,,normal
2026-05-31 11:44:35,-37.3333,,,normal
2026-05-31 12:01:34,0.4700,,,normal
2026-05-31 12:01:35,0.4671,,,normal
2026-05-31 12:01:36,0.4774,,,normal
2026-05-31 12:02:22,0.4749,,,normal
2026-05-31 12:02:23,0.4695,,,normal
2026-05-31 12:02:24,0.4611,,,normal
2026-05-31 12:02:25,0.4698,,,normal
2026-05-31 12:02:26,0.4635,,,normal
2026-05-31 12:02:27,0.4652,,,normal
2026-05-31 12:02:28,0.4637,,,normal
2026-05-31 12:02:29,0.4770,,,normal
2026-05-31 12:02:30,0.4756,,,normal
2026-05-31 12:02:31,0.4757,,,normal
2026-05-31 12:02:33,0.4710,,,normal
2026-05-31 12:02:34,0.4689,,,normal
2026-05-31 12:02:35,0.4660,,,normal
2026-05-31 12:02:36,0.4675,,,normal
2026-05-31 12:02:37,0.4693,,,normal
2026-05-31 12:02:38,0.4645,,,normal
2026-05-31 12:02:39,0.4660,,,normal
2026-05-31 12:02:40,0.4785,,,normal
2026-05-31 12:02:41,0.4860,,,normal
2026-05-31 12:02:42,0.4824,,,normal
2026-05-31 12:02:43,0.4826,,,normal
2026-05-31 12:02:44,0.4878,,,normal
2026-05-31 12:02:45,0.4930,,,normal
2026-05-31 12:02:46,0.4842,,,normal
2026-05-31 12:02:47,0.4823,,,normal
2026-05-31 12:02:48,0.4947,,,normal
2026-05-31 12:02:49,0.4928,,,normal
2026-05-31 12:02:50,0.4833,,,normal
2026-05-31 12:02:51,0.4813,,,normal
2026-05-31 12:02:52,0.4796,,,normal
2026-05-31 12:02:53,0.4778,,,normal
2026-05-31 12:02:54,0.4721,,,normal
2026-05-31 12:02:55,0.4779,,,normal
2026-05-31 12:02:56,0.4764,,,normal
2026-05-31 12:02:57,0.4762,,,normal
2026-05-31 12:02:58,0.4743,,,normal
2026-05-31 12:02:59,0.4873,,,normal
2026-05-31 12:03:00,0.4891,,,normal
2026-05-31 12:03:01,0.4819,,,normal
2026-05-31 12:03:02,0.4800,0.4830,-0.0030,normal
2026-05-31 12:03:03,0.4781,0.4830,-0.0049,normal
2026-05-31 12:03:04,0.4745,0.4830,-0.0085,normal
2026-05-31 12:03:05,0.4781,0.4830,-0.0049,normal
2026-05-31 12:03:06,0.4781,0.4830,-0.0049,normal
2026-05-31 12:03:07,0.4899,0.4830,0.0069,normal
2026-05-31 12:03:08,0.4907,0.4830,0.0077,normal
2026-05-31 12:03:09,0.4842,0.4830,0.0012,normal
2026-05-31 12:03:10,0.4846,0.4830,0.0016,normal
2026-05-31 12:03:11,0.4236,0.4830,-0.0594,normal
2026-05-31 12:03:12,0.3818,0.4830,-0.1012,normal
2026-05-31 12:03:13,0.3879,0.4830,-0.0951,normal
2026-05-31 12:03:14,0.4299,0.4830,-0.0531,normal
2026-05-31 12:03:16,0.4801,0.4830,-0.0029,normal
2026-05-31 12:03:17,0.4696,0.4830,-0.0134,normal
2026-05-31 12:03:18,0.4596,0.4830,-0.0234,normal
2026-05-31 12:03:19,0.4444,0.4830,-0.0386,normal
2026-05-31 12:03:20,0.3971,0.4830,-0.0859,normal
2026-05-31 12:03:21,0.4522,0.4830,-0.0308,normal
2026-05-31 12:03:22,0.4732,0.4830,-0.0098,normal
2026-05-31 12:03:23,0.4689,0.4830,-0.0141,normal
2026-05-31 12:03:24,0.4691,0.4830,-0.0139,normal
2026-05-31 12:03:25,0.4768,0.4830,-0.0062,normal
2026-05-31 12:03:26,0.4751,0.4830,-0.0079,normal
2026-05-31 12:03:27,0.4751,0.4830,-0.0079,normal
2026-05-31 12:03:28,0.4517,0.4830,-0.0313,normal
2026-05-31 12:03:30,0.4664,0.4830,-0.0166,normal
2026-05-31 12:03:32,0.4691,0.4830,-0.0139,normal
2026-05-31 12:03:33,0.4510,0.4830,-0.0320,normal
2026-05-31 12:03:34,0.4310,0.4830,-0.0520,normal
2026-05-31 12:03:35,0.4157,0.4830,-0.0673,normal
2026-05-31 12:03:36,0.4846,0.4830,0.0016,normal
2026-05-31 12:03:37,0.4671,0.4830,-0.0159,normal
2026-05-31 12:03:38,0.4621,0.4830,-0.0209,normal
2026-05-31 12:03:39,0.4740,0.4830,-0.0090,normal
2026-05-31 12:03:40,0.4600,0.4830,-0.0230,normal
2026-05-31 12:03:41,0.4646,0.4830,-0.0184,normal
2026-05-31 12:03:42,0.4830,0.4830,-0.0000,normal
2026-05-31 12:03:43,0.4799,0.4830,-0.0031,normal
2026-05-31 12:03:44,0.4774,0.4830,-0.0056,normal
2026-05-31 12:03:45,0.4984,0.4830,0.0154,normal
2026-05-31 12:03:46,0.4698,0.4830,-0.0132,normal
2026-05-31 12:03:47,0.4646,0.4830,-0.0184,normal
2026-05-31 12:03:48,0.4649,0.4830,-0.0181,normal
2026-05-31 12:03:49,0.4667,0.4830,-0.0163,normal
2026-05-31 12:03:50,0.4608,0.4830,-0.0222,normal
2026-05-31 12:03:51,0.4605,0.4830,-0.0225,normal
2026-05-31 12:03:52,0.4592,0.4830,-0.0238,normal
2026-05-31 12:03:53,0.4561,0.4830,-0.0269,normal
2026-05-31 12:03:54,0.4579,0.4830,-0.0251,normal
2026-05-31 12:03:55,0.4733,0.4830,-0.0097,normal
2026-05-31 12:03:56,0.4633,0.4830,-0.0197,normal
2026-05-31 12:03:57,0.4566,0.4830,-0.0264,normal
2026-05-31 12:03:58,0.4540,0.4830,-0.0290,normal
2026-05-31 12:03:59,0.4637,0.4830,-0.0193,normal
2026-05-31 12:04:00,0.4639,0.4830,-0.0191,normal
2026-05-31 12:04:01,0.4381,0.4830,-0.0449,normal
2026-05-31 12:04:02,0.4417,0.4830,-0.0413,normal
2026-05-31 12:04:03,0.4442,0.4830,-0.0388,normal
2026-05-31 12:04:04,0.4428,0.4830,-0.0402,normal
2026-05-31 12:04:05,0.4425,0.4830,-0.0405,normal
2026-05-31 12:04:06,0.4380,0.4830,-0.0450,normal
2026-05-31 12:04:07,0.4427,0.4830,-0.0403,normal
2026-05-31 12:04:09,0.4416,0.4830,-0.0414,normal
2026-05-31 12:04:10,0.4470,0.4830,-0.0360,normal
2026-05-31 12:04:11,0.4405,0.4830,-0.0425,normal
2026-05-31 12:04:12,0.4444,0.4830,-0.0386,normal
2026-05-31 12:04:13,0.4803,0.4830,-0.0027,normal
2026-05-31 12:04:14,0.4730,0.4830,-0.0100,normal
2026-05-31 12:04:15,0.4689,0.4830,-0.0141,normal
2026-05-31 12:04:16,0.4723,0.4830,-0.0107,normal
2026-05-31 12:04:17,0.4686,0.4830,-0.0144,normal
2026-05-31 12:04:18,0.4752,0.4830,-0.0078,normal
2026-05-31 12:04:19,0.4572,0.4830,-0.0258,normal
2026-05-31 12:04:20,0.4608,0.4830,-0.0222,normal
2026-05-31 12:04:21,0.4671,0.4830,-0.0159,normal
2026-05-31 12:04:22,0.4608,0.4830,-0.0222,normal
2026-05-31 12:04:23,0.4767,0.4830,-0.0063,normal
2026-05-31 12:04:24,0.4719,0.4830,-0.0111,normal
2026-05-31 12:04:25,0.4686,0.4830,-0.0144,normal
2026-05-31 12:04:26,0.4735,0.4830,-0.0095,normal
2026-05-31 12:04:27,0.4719,0.4830,-0.0111,normal
2026-05-31 12:04:28,0.4767,0.4830,-0.0063,normal
2026-05-31 12:04:29,0.4735,0.4830,-0.0095,normal
2026-05-31 12:04:30,0.4735,0.4830,-0.0095,normal
2026-05-31 12:04:31,0.4719,0.4830,-0.0111,normal
2026-05-31 12:04:32,0.4479,0.4830,-0.0351,normal
2026-05-31 12:04:33,0.4437,0.4830,-0.0393,normal
2026-05-31 12:04:34,0.4339,0.4830,-0.0491,normal
2026-05-31 12:04:35,0.4578,0.4830,-0.0252,normal
2026-05-31 12:04:36,0.4712,0.4830,-0.0118,normal
2026-05-31 12:04:37,0.4791,0.4830,-0.0039,normal
2026-05-31 12:04:38,0.4821,0.4830,-0.0009,normal
2026-05-31 12:04:39,0.4603,0.4830,-0.0227,normal
2026-05-31 12:04:40,0.4917,0.4830,0.0087,normal
2026-05-31 12:04:41,0.4901,0.4830,0.0071,normal
2026-05-31 12:04:42,0.4869,0.4830,0.0039,normal
2026-05-31 12:04:43,0.4809,0.4830,-0.0021,normal
2026-05-31 12:04:44,0.4888,0.4830,0.0058,normal
2026-05-31 12:04:45,0.4920,0.4830,0.0090,normal
2026-05-31 12:04:46,0.4880,0.4830,0.0050,normal
2026-05-31 12:04:48,0.4896,0.4830,0.0066,normal
2026-05-31 12:04:49,0.4777,0.4830,-0.0053,normal
2026-05-31 12:04:50,0.4795,0.4830,-0.0035,normal
2026-05-31 12:04:51,0.4744,0.4830,-0.0086,normal
2026-05-31 12:04:52,0.4728,0.4830,-0.0102,normal
2026-05-31 12:04:53,0.4760,0.4830,-0.0070,normal
2026-05-31 12:04:54,0.4746,0.4830,-0.0084,normal
2026-05-31 12:04:55,0.4730,0.4830,-0.0100,normal
2026-05-31 12:04:56,0.4764,0.4830,-0.0066,normal
2026-05-31 12:04:57,0.4698,0.4830,-0.0132,normal
2026-05-31 12:04:58,0.4714,0.4830,-0.0116,normal
2026-05-31 12:04:59,0.4714,0.4830,-0.0116,normal
2026-05-31 12:05:00,0.4714,0.4830,-0.0116,normal
2026-05-31 12:05:01,0.4714,0.4830,-0.0116,normal
2026-05-31 12:05:02,0.4680,0.4830,-0.0150,normal
2026-05-31 12:05:03,0.4746,0.4830,-0.0084,normal
2026-05-31 12:05:04,0.4730,0.4830,-0.0100,normal
2026-05-31 12:05:05,0.4746,0.4830,-0.0084,normal
2026-05-31 12:05:06,0.4714,0.4830,-0.0116,normal
2026-05-31 12:05:07,0.4730,0.4830,-0.0100,normal
2026-05-31 12:05:08,0.4730,0.4830,-0.0100,normal
2026-05-31 12:05:09,0.4698,0.4830,-0.0132,normal
2026-05-31 12:05:10,0.4698,0.4830,-0.0132,normal
2026-05-31 12:05:11,0.4733,0.4830,-0.0097,normal
2026-05-31 12:05:12,0.4716,0.4830,-0.0114,normal
2026-05-31 12:05:13,0.4700,0.4830,-0.0130,normal
2026-05-31 12:05:14,0.4810,0.4830,-0.0020,normal
2026-05-31 12:05:15,0.4806,0.4830,-0.0024,normal
2026-05-31 12:05:16,0.4790,0.4830,-0.0040,normal
2026-05-31 12:05:18,0.4755,0.4830,-0.0075,normal
2026-05-31 12:05:19,0.4883,0.4830,0.0053,normal
2026-05-31 12:05:20,0.4867,0.4830,0.0037,normal
2026-05-31 12:05:21,0.4849,0.4830,0.0019,normal
2026-05-31 12:05:22,0.4396,0.4830,-0.0434,normal
2026-05-31 12:05:23,0.4418,0.4830,-0.0412,normal
2026-05-31 12:05:24,0.4799,0.4830,-0.0031,normal
2026-05-31 12:05:25,0.4868,0.4830,0.0038,normal
2026-05-31 12:05:26,0.4851,0.4830,0.0021,normal
2026-05-31 12:05:27,0.4836,0.4830,0.0006,normal
2026-05-31 12:05:28,0.4869,0.4830,0.0039,normal
2026-05-31 12:05:29,0.4852,0.4830,0.0022,normal
2026-05-31 12:05:30,0.4770,0.4830,-0.0060,normal
2026-05-31 12:05:31,0.4756,0.4830,-0.0074,normal
2026-05-31 12:05:32,0.4747,0.4830,-0.0083,normal
2026-05-31 12:05:33,0.4866,0.4830,0.0036,normal
2026-05-31 12:05:34,0.4950,0.4830,0.0120,normal
2026-05-31 12:05:35,0.4849,0.4830,0.0019,normal
2026-05-31 12:05:36,0.4799,0.4830,-0.0031,normal
2026-05-31 12:05:37,0.4585,0.4830,-0.0245,normal
2026-05-31 12:05:38,0.4272,0.4830,-0.0558,normal
2026-05-31 12:05:39,0.4686,0.4830,-0.0144,normal
2026-05-31 12:05:40,0.4400,0.4830,-0.0430,normal
2026-05-31 12:05:41,0.4803,0.4830,-0.0027,normal
2026-05-31 12:05:42,0.4610,0.4830,-0.0220,normal
2026-05-31 12:05:43,0.4727,0.4830,-0.0103,normal
2026-05-31 12:05:44,0.4510,0.4830,-0.0320,normal
2026-05-31 12:05:45,0.4242,0.4830,-0.0588,normal
2026-05-31 12:05:46,0.4471,0.4830,-0.0359,normal
2026-05-31 12:05:47,0.4236,0.4830,-0.0594,normal
2026-05-31 12:05:48,0.4191,0.4830,-0.0639,normal
2026-05-31 12:05:49,0.4181,0.4830,-0.0649,normal
2026-05-31 12:05:50,0.4833,0.4830,0.0003,normal
2026-05-31 12:05:51,0.4856,0.4830,0.0026,normal
2026-05-31 12:05:52,0.4841,0.4830,0.0011,normal
2026-05-31 12:05:53,0.4809,0.4830,-0.0021,normal
2026-05-31 12:05:54,0.4791,0.4830,-0.0039,normal
2026-05-31 12:05:56,0.4759,0.4830,-0.0071,normal
2026-05-31 12:05:57,0.4791,0.4830,-0.0039,normal
2026-05-31 12:05:58,0.4728,0.4830,-0.0102,normal
2026-05-31 12:05:59,0.4698,0.4830,-0.0132,normal
2026-05-31 12:06:00,0.4794,0.4830,-0.0036,normal
2026-05-31 12:06:01,0.4809,0.4830,-0.0021,normal
2026-05-31 12:06:02,0.4715,0.4830,-0.0115,normal
2026-05-31 12:06:03,0.4745,0.4830,-0.0085,normal
2026-05-31 12:06:04,0.4747,0.4830,-0.0083,normal
2026-05-31 12:06:05,0.4730,0.4830,-0.0100,normal
2026-05-31 12:06:06,0.4713,0.4830,-0.0117,normal
2026-05-31 12:06:07,0.4745,0.4830,-0.0085,normal
2026-05-31 12:06:08,0.4762,0.4830,-0.0068,normal
2026-05-31 12:06:09,0.4762,0.4830,-0.0068,normal
2026-05-31 12:06:10,0.4713,0.4830,-0.0117,normal
2026-05-31 12:06:11,0.4696,0.4830,-0.0134,normal
2026-05-31 12:06:12,0.4696,0.4830,-0.0134,normal
2026-05-31 12:06:13,0.4652,0.4830,-0.0178,normal
2026-05-31 12:06:14,0.4780,0.4830,-0.0050,normal
2026-05-31 12:06:15,0.4792,0.4830,-0.0038,normal
2026-05-31 12:06:16,0.4840,0.4830,0.0010,normal
2026-05-31 12:06:17,0.4780,0.4830,-0.0050,normal
2026-05-31 12:06:18,0.4777,0.4830,-0.0053,normal
2026-05-31 12:06:19,0.4747,0.4830,-0.0083,normal
2026-05-31 12:06:20,0.4659,0.4830,-0.0171,normal
2026-05-31 12:06:21,0.4586,0.4830,-0.0244,normal
2026-05-31 12:06:22,0.4530,0.4830,-0.0300,normal
2026-05-31 12:06:23,0.4661,0.4830,-0.0169,normal
2026-05-31 12:06:24,0.4900,0.4830,0.0070,normal
2026-05-31 12:06:25,0.4815,0.4830,-0.0015,normal
2026-05-31 12:06:26,0.4788,0.4830,-0.0042,normal
2026-05-31 12:06:27,0.4772,0.4830,-0.0058,normal
2026-05-31 12:06:28,0.4067,0.4830,-0.0763,normal
2026-05-31 12:06:29,0.3485,0.4830,-0.1345,normal
2026-05-31 12:06:30,0.2957,0.4830,-0.1873,turtle
2026-05-31 12:06:31,0.3874,0.4830,-0.0956,normal
2026-05-31 12:06:33,0.3982,0.4830,-0.0848,normal
2026-05-31 12:06:34,0.4054,0.4830,-0.0776,normal
2026-05-31 12:06:35,0.4144,0.4830,-0.0686,normal
2026-05-31 12:06:36,0.4274,0.4830,-0.0556,normal
2026-05-31 12:06:37,0.4304,0.4830,-0.0526,normal
2026-05-31 12:06:38,0.3778,0.4830,-0.1052,normal
2026-05-31 12:06:39,0.3874,0.4830,-0.0956,normal
2026-05-31 12:06:40,0.3897,0.4830,-0.0933,normal
2026-05-31 12:06:41,0.3881,0.4830,-0.0949,normal
2026-05-31 12:06:42,0.4455,0.4830,-0.0375,normal
2026-05-31 12:06:43,0.4208,0.4830,-0.0622,normal
2026-05-31 12:06:44,0.4104,0.4830,-0.0726,normal
2026-05-31 12:06:45,0.3929,0.4830,-0.0901,normal
2026-05-31 12:06:46,0.5918,0.4830,0.1088,normal
2026-05-31 12:06:47,0.6149,0.4830,0.1319,normal
2026-05-31 12:06:48,0.4455,0.4830,-0.0375,normal
2026-05-31 12:06:49,0.4280,0.4830,-0.0550,normal
2026-05-31 12:06:50,0.4780,0.4830,-0.0050,normal
2026-05-31 12:06:51,0.4746,0.4830,-0.0084,normal
2026-05-31 12:06:52,0.4732,0.4830,-0.0098,normal
2026-05-31 12:06:53,0.4403,0.4830,-0.0427,normal
2026-05-31 12:06:54,0.4282,0.4830,-0.0548,normal
2026-05-31 12:06:55,0.4231,0.4830,-0.0599,normal
2026-05-31 12:06:56,0.4332,0.4830,-0.0498,normal
2026-05-31 12:06:57,0.4256,0.4830,-0.0574,normal
2026-05-31 12:06:58,0.4231,0.4830,-0.0599,normal
2026-05-31 12:06:59,0.4303,0.4830,-0.0527,normal
2026-05-31 12:07:00,0.4243,0.4830,-0.0587,normal
2026-05-31 12:07:01,0.4286,0.4830,-0.0544,normal
2026-05-31 12:07:02,0.4277,0.4830,-0.0553,normal
2026-05-31 12:07:03,0.4260,0.4830,-0.0570,normal
2026-05-31 12:07:04,0.4299,0.4830,-0.0531,normal
2026-05-31 12:07:05,0.4277,0.4830,-0.0553,normal
2026-05-31 12:07:06,0.4273,0.4830,-0.0557,normal
2026-05-31 12:07:07,0.4286,0.4830,-0.0544,normal
2026-05-31 12:07:08,0.4231,0.4830,-0.0599,normal
2026-05-31 12:07:10,0.4226,0.4830,-0.0604,normal
2026-05-31 12:07:11,0.4358,0.4830,-0.0472,normal
2026-05-31 12:07:12,0.4246,0.4830,-0.0584,normal
2026-05-31 12:07:14,0.4294,0.4830,-0.0536,normal
2026-05-31 12:07:15,0.4312,0.4830,-0.0518,normal
2026-05-31 12:07:16,0.4329,0.4830,-0.0501,normal
2026-05-31 12:07:17,0.4329,0.4830,-0.0501,normal
2026-05-31 12:07:18,0.4255,0.4830,-0.0575,normal
2026-05-31 12:07:19,0.4299,0.4830,-0.0531,normal
2026-05-31 12:07:20,0.4303,0.4830,-0.0527,normal
2026-05-31 12:07:21,0.4299,0.4830,-0.0531,normal
2026-05-31 12:07:22,0.4404,0.4830,-0.0426,normal
2026-05-31 12:07:23,0.4299,0.4830,-0.0531,normal
2026-05-31 12:07:24,0.4747,0.4830,-0.0083,normal
2026-05-31 12:07:25,0.4742,0.4830,-0.0088,normal
2026-05-31 12:07:26,0.4773,0.4830,-0.0057,normal
2026-05-31 12:07:27,0.4200,0.4830,-0.0630,normal
2026-05-31 12:07:28,0.4040,0.4830,-0.0790,normal
2026-05-31 12:07:29,0.4164,0.4830,-0.0666,normal
2026-05-31 12:07:30,0.4241,0.4830,-0.0589,normal
2026-05-31 12:07:31,0.4192,0.4830,-0.0638,normal
2026-05-31 12:07:32,0.4212,0.4830,-0.0618,normal
2026-05-31 12:07:33,0.4237,0.4830,-0.0593,normal
2026-05-31 12:07:34,0.3937,0.4830,-0.0893,normal
2026-05-31 12:07:35,0.3806,0.4830,-0.1024,normal
2026-05-31 12:07:36,0.3902,0.4830,-0.0928,normal
2026-05-31 12:07:37,0.3868,0.4830,-0.0962,normal
2026-05-31 12:07:38,0.3868,0.4830,-0.0962,normal
2026-05-31 12:07:39,0.3895,0.4830,-0.0935,normal
2026-05-31 12:07:40,0.3908,0.4830,-0.0922,normal
2026-05-31 12:07:41,0.3836,0.4830,-0.0994,normal
2026-05-31 12:07:42,0.3836,0.4830,-0.0994,normal
2026-05-31 12:07:43,0.3729,0.4830,-0.1101,normal
2026-05-31 12:07:44,0.3700,0.4830,-0.1130,normal
2026-05-31 12:07:45,0.3704,0.4830,-0.1126,normal
2026-05-31 12:07:46,0.3746,0.4830,-0.1084,normal
2026-05-31 12:07:47,0.3737,0.4830,-0.1093,normal
2026-05-31 12:07:48,0.3688,0.4830,-0.1142,normal
2026-05-31 12:07:49,0.3872,0.4830,-0.0958,normal
2026-05-31 12:07:50,0.3960,0.4830,-0.0870,normal
2026-05-31 12:07:51,0.3846,0.4830,-0.0984,normal
2026-05-31 12:07:52,0.3851,0.4830,-0.0979,normal
2026-05-31 12:07:53,0.3831,0.4830,-0.0999,normal
2026-05-31 12:07:54,0.3869,0.4830,-0.0961,normal
2026-05-31 12:07:55,0.3851,0.4830,-0.0979,normal
2026-05-31 12:07:56,0.3705,0.4830,-0.1125,normal
2026-05-31 12:07:57,0.3742,0.4830,-0.1088,normal
2026-05-31 12:07:59,0.3758,0.4830,-0.1072,normal
2026-05-31 12:08:00,0.3779,0.4830,-0.1051,normal
2026-05-31 12:08:01,0.3806,0.4830,-0.1024,normal
2026-05-31 12:08:02,0.3770,0.4830,-0.1060,normal
2026-05-31 12:08:03,0.3836,0.4830,-0.0994,normal
2026-05-31 12:08:04,0.3864,0.4830,-0.0966,normal
2026-05-31 12:08:05,0.4479,0.4830,-0.0351,normal
2026-05-31 12:08:06,0.4605,0.4830,-0.0225,normal
2026-05-31 12:08:07,0.4733,0.4830,-0.0097,normal
2026-05-31 12:08:08,0.4847,0.4830,0.0017,normal
2026-05-31 12:08:09,0.4751,0.4830,-0.0079,normal
2026-05-31 12:08:10,0.4564,0.4830,-0.0266,normal
2026-05-31 12:08:11,0.4633,0.4830,-0.0197,normal
2026-05-31 12:08:12,0.4551,0.4830,-0.0279,normal
2026-05-31 12:08:13,0.4485,0.4830,-0.0345,normal
2026-05-31 12:08:14,0.4437,0.4830,-0.0393,normal
2026-05-31 12:08:15,0.4467,0.4830,-0.0363,normal
2026-05-31 12:08:16,0.4500,0.4830,-0.0330,normal
2026-05-31 12:08:17,0.4400,0.4830,-0.0430,normal
2026-05-31 12:08:18,0.4419,0.4830,-0.0411,normal
2026-05-31 12:08:19,0.4375,0.4830,-0.0455,normal
2026-05-31 12:08:20,0.4356,0.4830,-0.0474,normal
2026-05-31 12:08:21,0.4323,0.4830,-0.0507,normal
2026-05-31 12:08:22,0.4342,0.4830,-0.0488,normal
2026-05-31 12:08:23,0.4328,0.4830,-0.0502,normal
2026-05-31 12:08:24,0.4342,0.4830,-0.0488,normal
2026-05-31 12:08:25,0.4290,0.4830,-0.0540,normal
2026-05-31 12:08:26,0.4371,0.4830,-0.0459,normal
2026-05-31 12:08:27,0.4916,0.4830,0.0086,normal
2026-05-31 12:08:28,0.4882,0.4830,0.0052,normal
2026-05-31 12:08:29,0.4633,0.4830,-0.0197,normal
2026-05-31 12:08:30,0.4500,0.4830,-0.0330,normal
2026-05-31 12:08:31,0.4470,0.4830,-0.0360,normal
2026-05-31 12:08:32,0.4485,0.4830,-0.0345,normal
2026-05-31 12:08:33,0.4500,0.4830,-0.0330,normal
2026-05-31 12:08:34,0.4500,0.4830,-0.0330,normal
2026-05-31 12:08:35,0.4500,0.4830,-0.0330,normal
2026-05-31 12:08:36,0.4567,0.4830,-0.0263,normal
2026-05-31 12:08:37,0.4567,0.4830,-0.0263,normal
2026-05-31 12:08:38,0.4548,0.4830,-0.0282,normal
2026-05-31 12:08:39,0.4412,0.4830,-0.0418,normal
2026-05-31 12:08:40,0.3663,0.4830,-0.1167,normal
2026-05-31 12:08:41,0.3783,0.4830,-0.1047,normal
2026-05-31 12:08:42,0.3803,0.4830,-0.1027,normal
2026-05-31 12:08:43,0.3876,0.4830,-0.0954,normal
2026-05-31 12:08:44,0.3909,0.4830,-0.0921,normal
2026-05-31 12:08:45,0.3961,0.4830,-0.0869,normal
2026-05-31 12:08:46,0.3909,0.4830,-0.0921,normal
2026-05-31 12:08:47,0.3954,0.4830,-0.0876,normal
2026-05-31 12:08:48,0.3941,0.4830,-0.0889,normal
2026-05-31 12:08:50,0.3980,0.4830,-0.0850,normal
2026-05-31 12:08:51,0.4000,0.4830,-0.0830,normal
2026-05-31 12:08:52,0.3941,0.4830,-0.0889,normal
2026-05-31 12:08:53,0.4020,0.4830,-0.0810,normal
2026-05-31 12:08:54,0.3974,0.4830,-0.0856,normal
2026-05-31 12:08:55,0.4007,0.4830,-0.0823,normal
2026-05-31 12:08:56,0.3967,0.4830,-0.0863,normal
2026-05-31 12:08:57,0.3961,0.4830,-0.0869,normal
2026-05-31 12:08:58,0.3974,0.4830,-0.0856,normal
2026-05-31 12:08:59,0.3954,0.4830,-0.0876,normal
2026-05-31 12:09:00,0.4033,0.4830,-0.0797,normal
2026-05-31 12:09:01,0.4000,0.4830,-0.0830,normal
2026-05-31 12:09:02,0.3980,0.4830,-0.0850,normal
2026-05-31 12:09:03,0.4007,0.4830,-0.0823,normal
2026-05-31 12:09:04,0.3987,0.4830,-0.0843,normal
2026-05-31 12:09:05,0.3980,0.4830,-0.0850,normal
2026-05-31 12:09:06,0.4000,0.4830,-0.0830,normal
2026-05-31 12:09:07,0.4219,0.4830,-0.0611,normal
2026-05-31 12:09:08,0.4027,0.4830,-0.0803,normal
2026-05-31 12:09:09,0.3914,0.4830,-0.0916,normal
2026-05-31 12:09:10,0.4021,0.4830,-0.0809,normal
2026-05-31 12:09:11,0.4000,0.4830,-0.0830,normal
2026-05-31 12:09:12,0.4055,0.4830,-0.0775,normal
2026-05-31 12:09:13,0.4187,0.4830,-0.0643,normal
2026-05-31 12:09:14,0.4192,0.4830,-0.0638,normal
2026-05-31 12:09:15,0.4070,0.4830,-0.0760,normal
2026-05-31 12:09:16,0.4028,0.4830,-0.0802,normal
2026-05-31 12:09:17,0.4097,0.4830,-0.0733,normal
2026-05-31 12:09:18,0.4091,0.4830,-0.0739,normal
2026-05-31 12:09:19,0.3860,0.4830,-0.0970,normal
2026-05-31 12:09:20,0.3948,0.4830,-0.0882,normal
2026-05-31 12:09:21,0.3956,0.4830,-0.0874,normal
2026-05-31 12:09:22,0.3949,0.4830,-0.0881,normal
2026-05-31 12:09:23,0.3964,0.4830,-0.0866,normal
2026-05-31 12:09:24,0.3957,0.4830,-0.0873,normal
2026-05-31 12:09:25,0.3949,0.4830,-0.0881,normal
2026-05-31 12:09:26,0.3899,0.4830,-0.0931,normal
2026-05-31 12:09:27,0.4022,0.4830,-0.0808,normal
2026-05-31 12:09:28,0.4094,0.4830,-0.0736,normal
2026-05-31 12:09:29,0.3942,0.4830,-0.0888,normal
2026-05-31 12:09:30,0.4051,0.4830,-0.0779,normal
2026-05-31 12:09:31,0.4022,0.4830,-0.0808,normal
2026-05-31 12:09:32,0.4007,0.4830,-0.0823,normal
2026-05-31 12:09:33,0.3957,0.4830,-0.0873,normal
2026-05-31 12:09:34,0.3964,0.4830,-0.0866,normal
2026-05-31 12:09:35,0.3935,0.4830,-0.0895,normal
2026-05-31 12:09:36,0.3885,0.4830,-0.0945,normal
2026-05-31 12:09:37,0.3978,0.4830,-0.0852,normal
2026-05-31 12:09:38,0.4437,0.4830,-0.0393,normal
2026-05-31 12:09:39,0.4534,0.4830,-0.0296,normal
2026-05-31 12:09:40,0.4650,0.4830,-0.0180,normal
2026-05-31 12:09:41,0.4730,0.4830,-0.0100,normal
2026-05-31 12:09:42,0.4763,0.4830,-0.0067,normal
2026-05-31 12:09:43,0.4763,0.4830,-0.0067,normal
2026-05-31 12:09:45,0.4759,0.4830,-0.0071,normal
2026-05-31 12:09:46,0.4774,0.4830,-0.0056,normal
2026-05-31 12:09:47,0.4781,0.4830,-0.0049,normal
2026-05-31 12:09:48,0.4545,0.4830,-0.0285,normal
2026-05-31 12:09:49,0.4408,0.4830,-0.0422,normal
2026-05-31 12:09:50,0.4684,0.4830,-0.0146,normal
2026-05-31 12:09:51,0.4762,0.4830,-0.0068,normal
2026-05-31 12:09:52,0.4712,0.4830,-0.0118,normal
2026-05-31 12:09:53,0.4725,0.4830,-0.0105,normal
2026-05-31 12:09:54,0.4759,0.4830,-0.0071,normal
2026-05-31 12:09:55,0.4744,0.4830,-0.0086,normal
2026-05-31 12:09:56,0.4693,0.4830,-0.0137,normal
2026-05-31 12:09:57,0.4742,0.4830,-0.0088,normal
2026-05-31 12:09:58,0.4708,0.4830,-0.0122,normal
2026-05-31 12:09:59,0.4708,0.4830,-0.0122,normal
2026-05-31 12:10:00,0.4710,0.4830,-0.0120,normal
2026-05-31 12:10:01,0.4695,0.4830,-0.0135,normal
2026-05-31 12:10:02,0.4675,0.4830,-0.0155,normal
2026-05-31 12:10:03,0.4673,0.4830,-0.0157,normal
2026-05-31 12:10:04,0.4656,0.4830,-0.0174,normal
2026-05-31 12:10:05,0.4671,0.4830,-0.0159,normal
2026-05-31 12:10:06,0.4723,0.4830,-0.0107,normal
2026-05-31 12:10:07,0.4673,0.4830,-0.0157,normal
2026-05-31 12:10:08,0.4675,0.4830,-0.0155,normal
2026-05-31 12:10:09,0.4691,0.4830,-0.0139,normal
2026-05-31 12:10:10,0.4643,0.4830,-0.0187,normal
2026-05-31 12:10:11,0.4689,0.4830,-0.0141,normal
2026-05-31 12:10:12,0.4675,0.4830,-0.0155,normal
2026-05-31 12:10:13,0.4675,0.4830,-0.0155,normal
2026-05-31 12:10:14,0.4677,0.4830,-0.0153,normal
2026-05-31 12:10:15,0.4675,0.4830,-0.0155,normal
2026-05-31 12:10:16,0.4380,0.4830,-0.0450,normal
2026-05-31 12:10:17,0.4245,0.4830,-0.0585,normal
2026-05-31 12:10:18,0.4296,0.4830,-0.0534,normal
2026-05-31 12:10:19,0.4281,0.4830,-0.0549,normal
2026-05-31 12:10:20,0.4270,0.4830,-0.0560,normal
2026-05-31 12:10:21,0.4167,0.4830,-0.0663,normal
2026-05-31 12:10:22,0.4134,0.4830,-0.0696,normal
2026-05-31 12:10:23,0.4270,0.4830,-0.0560,normal
2026-05-31 12:10:24,0.4321,0.4830,-0.0509,normal
2026-05-31 12:10:25,0.4306,0.4830,-0.0524,normal
2026-05-31 12:10:26,0.4209,0.4830,-0.0621,normal
2026-05-31 12:10:27,0.4143,0.4830,-0.0687,normal
2026-05-31 12:10:28,0.4143,0.4830,-0.0687,normal
2026-05-31 12:10:29,0.4179,0.4830,-0.0651,normal
2026-05-31 12:10:30,0.4286,0.4830,-0.0544,normal
2026-05-31 12:10:31,0.4184,0.4830,-0.0646,normal
2026-05-31 12:10:32,0.4291,0.4830,-0.0539,normal
2026-05-31 12:10:33,0.4149,0.4830,-0.0681,normal
2026-05-31 12:10:34,0.4240,0.4830,-0.0590,normal
2026-05-31 12:10:35,0.4296,0.4830,-0.0534,normal
2026-05-31 12:10:37,0.4437,0.4830,-0.0393,normal
2026-05-31 12:10:38,0.4316,0.4830,-0.0514,normal
2026-05-31 12:10:39,0.4407,0.4830,-0.0423,normal
2026-05-31 12:10:40,0.4671,0.4830,-0.0159,normal
2026-05-31 12:10:41,0.4696,0.4830,-0.0134,normal
2026-05-31 12:10:42,0.4684,0.4830,-0.0146,normal
2026-05-31 12:10:43,0.4747,0.4830,-0.0083,normal
2026-05-31 12:10:44,0.4728,0.4830,-0.0102,normal
2026-05-31 12:10:45,0.4730,0.4830,-0.0100,normal
2026-05-31 12:10:46,0.4671,0.4830,-0.0159,normal
2026-05-31 12:10:47,0.4715,0.4830,-0.0115,normal
2026-05-31 12:10:48,0.4669,0.4830,-0.0161,normal
2026-05-31 12:10:49,0.4730,0.4830,-0.0100,normal
2026-05-31 12:10:50,0.4651,0.4830,-0.0179,normal
2026-05-31 12:10:51,0.4426,0.4830,-0.0404,normal
2026-05-31 12:10:52,0.4660,0.4830,-0.0170,normal
2026-05-31 12:10:53,0.4759,0.4830,-0.0071,normal
2026-05-31 12:10:54,0.4774,0.4830,-0.0056,normal
2026-05-31 12:10:55,0.4759,0.4830,-0.0071,normal
2026-05-31 12:10:56,0.4757,0.4830,-0.0073,normal
2026-05-31 12:10:57,0.4841,0.4830,0.0011,normal
2026-05-31 12:10:58,0.5000,0.4830,0.0170,normal
2026-05-31 12:10:59,0.4984,0.4830,0.0154,normal
2026-05-31 12:11:00,0.4903,0.4830,0.0073,normal
2026-05-31 12:11:01,0.4790,0.4830,-0.0040,normal
2026-05-31 12:11:02,0.4667,0.4830,-0.0163,normal
2026-05-31 12:11:03,0.4934,0.4830,0.0104,normal
2026-05-31 12:11:04,0.4804,0.4830,-0.0026,normal
2026-05-31 12:11:05,0.4838,0.4830,0.0008,normal
2026-05-31 12:11:06,0.4808,0.4830,-0.0022,normal
2026-05-31 12:11:07,0.4872,0.4830,0.0042,normal
2026-05-31 12:11:08,0.4694,0.4830,-0.0136,normal
2026-05-31 12:11:09,0.4527,0.4830,-0.0303,normal
2026-05-31 12:11:10,0.4762,0.4830,-0.0068,normal
2026-05-31 12:11:11,0.4806,0.4830,-0.0024,normal
2026-05-31 12:11:12,0.4858,0.4830,0.0028,normal
2026-05-31 12:11:13,0.4828,0.4830,-0.0002,normal
2026-05-31 12:11:14,0.4890,0.4830,0.0060,normal
2026-05-31 12:11:15,0.4844,0.4830,0.0014,normal
2026-05-31 12:11:16,0.4829,0.4830,-0.0001,normal
2026-05-31 12:11:17,0.4815,0.4830,-0.0015,normal
2026-05-31 12:11:18,0.4845,0.4830,0.0015,normal
2026-05-31 12:11:19,0.4778,0.4830,-0.0052,normal
2026-05-31 12:11:20,0.4766,0.4830,-0.0064,normal
2026-05-31 12:11:21,0.4693,0.4830,-0.0137,normal
2026-05-31 12:11:23,0.4615,0.4830,-0.0215,normal
2026-05-31 12:11:24,0.4518,0.4830,-0.0312,normal
2026-05-31 12:11:25,0.4498,0.4830,-0.0332,normal
2026-05-31 12:11:26,0.4492,0.4830,-0.0338,normal
2026-05-31 12:11:27,0.4421,0.4830,-0.0409,normal
2026-05-31 12:11:28,0.4390,0.4830,-0.0440,normal
2026-05-31 12:11:29,0.4356,0.4830,-0.0474,normal
2026-05-31 12:11:30,0.4373,0.4830,-0.0457,normal
2026-05-31 12:11:31,0.4407,0.4830,-0.0423,normal
2026-05-31 12:11:32,0.4411,0.4830,-0.0419,normal
2026-05-31 12:11:33,0.4434,0.4830,-0.0396,normal
2026-05-31 12:11:34,0.4424,0.4830,-0.0406,normal
2026-05-31 12:11:35,0.4451,0.4830,-0.0379,normal
2026-05-31 12:11:36,0.4421,0.4830,-0.0409,normal
2026-05-31 12:11:37,0.4465,0.4830,-0.0365,normal
2026-05-31 12:11:38,0.4482,0.4830,-0.0348,normal
2026-05-31 12:11:39,0.4468,0.4830,-0.0362,normal
2026-05-31 12:11:40,0.4455,0.4830,-0.0375,normal
2026-05-31 12:11:41,0.4529,0.4830,-0.0301,normal
2026-05-31 12:11:42,0.4498,0.4830,-0.0332,normal
2026-05-31 12:11:43,0.4512,0.4830,-0.0318,normal
2026-05-31 12:11:44,0.4495,0.4830,-0.0335,normal
2026-05-31 12:11:45,0.4485,0.4830,-0.0345,normal
2026-05-31 12:11:46,0.4523,0.4830,-0.0307,normal
2026-05-31 12:11:47,0.4526,0.4830,-0.0304,normal
2026-05-31 12:11:48,0.4468,0.4830,-0.0362,normal
2026-05-31 12:11:49,0.4498,0.4830,-0.0332,normal
2026-05-31 12:11:50,0.4529,0.4830,-0.0301,normal
2026-05-31 12:11:51,0.4509,0.4830,-0.0321,normal
2026-05-31 12:11:52,0.4526,0.4830,-0.0304,normal
2026-05-31 12:11:53,0.4512,0.4830,-0.0318,normal
2026-05-31 12:11:54,0.4557,0.4830,-0.0273,normal
2026-05-31 12:11:55,0.4526,0.4830,-0.0304,normal
2026-05-31 12:11:56,0.4495,0.4830,-0.0335,normal
2026-05-31 12:11:57,0.4509,0.4830,-0.0321,normal
2026-05-31 12:11:58,0.4526,0.4830,-0.0304,normal
2026-05-31 12:11:59,0.4557,0.4830,-0.0273,normal
2026-05-31 12:12:00,0.4515,0.4830,-0.0315,normal
2026-05-31 12:12:01,0.4559,0.4830,-0.0271,normal
2026-05-31 12:12:02,0.4592,0.4830,-0.0238,normal
2026-05-31 12:12:03,0.4545,0.4830,-0.0285,normal
2026-05-31 12:12:04,0.4559,0.4830,-0.0271,normal
2026-05-31 12:12:05,0.4573,0.4830,-0.0257,normal
2026-05-31 12:12:06,0.4585,0.4830,-0.0245,normal
2026-05-31 12:12:07,0.4585,0.4830,-0.0245,normal
2026-05-31 12:12:08,0.4601,0.4830,-0.0229,normal
2026-05-31 12:12:09,0.4537,0.4830,-0.0293,normal
2026-05-31 12:12:10,0.4506,0.4830,-0.0324,normal
2026-05-31 12:12:11,0.4506,0.4830,-0.0324,normal
2026-05-31 12:12:13,0.4520,0.4830,-0.0310,normal
2026-05-31 12:12:14,0.4462,0.4830,-0.0368,normal
2026-05-31 12:12:15,0.4475,0.4830,-0.0355,normal
2026-05-31 12:12:16,0.4506,0.4830,-0.0324,normal
2026-05-31 12:12:17,0.4492,0.4830,-0.0338,normal
2026-05-31 12:12:18,0.4523,0.4830,-0.0307,normal
2026-05-31 12:12:19,0.4537,0.4830,-0.0293,normal
2026-05-31 12:12:20,0.4817,0.4830,-0.0013,normal
2026-05-31 12:12:21,0.4774,0.4830,-0.0056,normal
2026-05-31 12:12:22,0.4817,0.4830,-0.0013,normal
2026-05-31 12:12:23,0.4818,0.4830,-0.0012,normal
2026-05-31 12:12:24,0.4803,0.4830,-0.0027,normal
2026-05-31 12:12:25,0.4851,0.4830,0.0021,normal
2026-05-31 12:12:26,0.4834,0.4830,0.0004,normal
2026-05-31 12:12:27,0.4884,0.4830,0.0054,normal
2026-05-31 12:12:28,0.4836,0.4830,0.0006,normal
2026-05-31 12:12:29,0.4818,0.4830,-0.0012,normal
2026-05-31 12:12:30,0.4851,0.4830,0.0021,normal
2026-05-31 12:12:31,0.4903,0.4830,0.0073,normal
2026-05-31 12:12:32,0.4141,0.4830,-0.0689,normal
2026-05-31 12:12:33,0.4334,0.4830,-0.0496,normal
2026-05-31 12:12:34,0.4286,0.4830,-0.0544,normal
2026-05-31 12:12:35,0.3800,0.4830,-0.1030,normal
2026-05-31 12:12:36,0.3456,0.4830,-0.1374,normal
2026-05-31 12:12:37,0.3712,0.4830,-0.1118,normal
2026-05-31 12:12:38,0.4870,0.4830,0.0040,normal
2026-05-31 12:12:39,0.4949,0.4830,0.0119,normal
2026-05-31 12:12:40,0.4949,0.4830,0.0119,normal
2026-05-31 12:12:41,0.4934,0.4830,0.0104,normal
2026-05-31 12:12:42,0.4816,0.4830,-0.0014,normal
2026-05-31 12:12:43,0.4799,0.4830,-0.0031,normal
2026-05-31 12:12:44,0.4883,0.4830,0.0053,normal
2026-05-31 12:12:45,0.4849,0.4830,0.0019,normal
2026-05-31 12:12:46,0.4884,0.4830,0.0054,normal
2026-05-31 12:12:47,0.4833,0.4830,0.0003,normal
2026-05-31 12:12:48,0.4884,0.4830,0.0054,normal
2026-05-31 12:12:49,0.4867,0.4830,0.0037,normal
2026-05-31 12:12:50,0.4884,0.4830,0.0054,normal
2026-05-31 12:12:51,0.4884,0.4830,0.0054,normal
2026-05-31 12:12:52,0.4867,0.4830,0.0037,normal
2026-05-31 12:12:53,0.4817,0.4830,-0.0013,normal
2026-05-31 12:12:54,0.4900,0.4830,0.0070,normal
2026-05-31 12:12:55,0.4849,0.4830,0.0019,normal
2026-05-31 12:12:56,0.4834,0.4830,0.0004,normal
2026-05-31 12:12:57,0.4883,0.4830,0.0053,normal
2026-05-31 12:12:58,0.4867,0.4830,0.0037,normal
2026-05-31 12:12:59,0.4881,0.4830,0.0051,normal
2026-05-31 12:13:00,0.4982,0.4830,0.0152,normal
2026-05-31 12:13:01,0.4758,0.4830,-0.0072,normal
2026-05-31 12:13:02,0.4776,0.4830,-0.0054,normal
2026-05-31 12:13:03,0.4840,0.4830,0.0010,normal
2026-05-31 12:13:04,0.4779,0.4830,-0.0051,normal
2026-05-31 12:13:05,0.4800,0.4830,-0.0030,normal
2026-05-31 12:13:06,0.4615,0.4830,-0.0215,normal
2026-05-31 12:13:07,0.4674,0.4830,-0.0156,normal
2026-05-31 12:13:08,0.4689,0.4830,-0.0141,normal
2026-05-31 12:13:10,0.4630,0.4830,-0.0200,normal
2026-05-31 12:13:11,0.4596,0.4830,-0.0234,normal
2026-05-31 12:13:12,0.4652,0.4830,-0.0178,normal
2026-05-31 12:13:13,0.4596,0.4830,-0.0234,normal
2026-05-31 12:13:14,0.4599,0.4830,-0.0231,normal
2026-05-31 12:13:15,0.4599,0.4830,-0.0231,normal
2026-05-31 12:13:16,0.4582,0.4830,-0.0248,normal
2026-05-31 12:13:17,0.4565,0.4830,-0.0265,normal
2026-05-31 12:13:18,0.4565,0.4830,-0.0265,normal
2026-05-31 12:13:19,0.4582,0.4830,-0.0248,normal
2026-05-31 12:13:20,0.4582,0.4830,-0.0248,normal
2026-05-31 12:13:21,0.4582,0.4830,-0.0248,normal
2026-05-31 12:13:22,0.4562,0.4830,-0.0268,normal
2026-05-31 12:13:23,0.4582,0.4830,-0.0248,normal
2026-05-31 12:13:24,0.4585,0.4830,-0.0245,normal
2026-05-31 12:13:25,0.4582,0.4830,-0.0248,normal
2026-05-31 12:13:26,0.4599,0.4830,-0.0231,normal
2026-05-31 12:13:27,0.4562,0.4830,-0.0268,normal
2026-05-31 12:13:28,0.4562,0.4830,-0.0268,normal
2026-05-31 12:13:29,0.4545,0.4830,-0.0285,normal
2026-05-31 12:13:30,0.4219,0.4830,-0.0611,normal
2026-05-31 12:13:31,0.4496,0.4830,-0.0334,normal
2026-05-31 12:13:32,0.4483,0.4830,-0.0347,normal
2026-05-31 12:13:33,0.4478,0.4830,-0.0352,normal
2026-05-31 12:13:34,0.4478,0.4830,-0.0352,normal
2026-05-31 12:13:35,0.4515,0.4830,-0.0315,normal
2026-05-31 12:13:36,0.4511,0.4830,-0.0319,normal
2026-05-31 12:13:37,0.4457,0.4830,-0.0373,normal
2026-05-31 12:13:38,0.4453,0.4830,-0.0377,normal
2026-05-31 12:13:39,0.4349,0.4830,-0.0481,normal
2026-05-31 12:13:40,0.4419,0.4830,-0.0411,normal
2026-05-31 12:13:41,0.4403,0.4830,-0.0427,normal
2026-05-31 12:13:42,0.4415,0.4830,-0.0415,normal
2026-05-31 12:13:43,0.4419,0.4830,-0.0411,normal
2026-05-31 12:13:44,0.4382,0.4830,-0.0448,normal
2026-05-31 12:13:45,0.4312,0.4830,-0.0518,normal
2026-05-31 12:13:46,0.4796,0.4830,-0.0034,normal
2026-05-31 12:13:47,0.4653,0.4830,-0.0177,normal
2026-05-31 12:13:48,0.4735,0.4830,-0.0095,normal
2026-05-31 12:13:49,0.4684,0.4830,-0.0146,normal
2026-05-31 12:13:50,0.4638,0.4830,-0.0192,normal
2026-05-31 12:13:51,0.4702,0.4830,-0.0128,normal
2026-05-31 12:13:52,0.4638,0.4830,-0.0192,normal
2026-05-31 12:13:53,0.4618,0.4830,-0.0212,normal
2026-05-31 12:13:54,0.4656,0.4830,-0.0174,normal
2026-05-31 12:13:55,0.4587,0.4830,-0.0243,normal
2026-05-31 12:13:57,0.4850,0.4830,0.0020,normal
2026-05-31 12:13:58,0.4249,0.4830,-0.0581,normal
2026-05-31 12:13:59,0.4109,0.4830,-0.0721,normal
2026-05-31 12:14:00,0.4023,0.4830,-0.0807,normal
2026-05-31 12:14:01,0.4126,0.4830,-0.0704,normal
2026-05-31 12:14:02,0.4179,0.4830,-0.0651,normal
2026-05-31 12:14:03,0.4651,0.4830,-0.0179,normal
2026-05-31 12:14:04,0.4504,0.4830,-0.0326,normal
2026-05-31 12:14:05,0.4259,0.4830,-0.0571,normal
2026-05-31 12:14:06,0.4221,0.4830,-0.0609,normal
2026-05-31 12:14:07,0.4185,0.4830,-0.0645,normal
2026-05-31 12:14:08,0.4695,0.4830,-0.0135,normal
2026-05-31 12:14:09,0.4576,0.4830,-0.0254,normal
2026-05-31 12:14:10,0.4502,0.4830,-0.0328,normal
2026-05-31 12:14:11,0.4539,0.4830,-0.0291,normal
2026-05-31 12:14:12,0.4539,0.4830,-0.0291,normal
2026-05-31 12:14:13,0.4522,0.4830,-0.0308,normal
2026-05-31 12:14:14,0.4539,0.4830,-0.0291,normal
2026-05-31 12:14:15,0.4498,0.4830,-0.0332,normal
2026-05-31 12:14:16,0.4498,0.4830,-0.0332,normal
2026-05-31 12:14:17,0.4519,0.4830,-0.0311,normal
2026-05-31 12:14:18,0.4535,0.4830,-0.0295,normal
2026-05-31 12:14:19,0.4461,0.4830,-0.0369,normal
2026-05-31 12:14:20,0.4539,0.4830,-0.0291,normal
2026-05-31 12:14:21,0.4556,0.4830,-0.0274,normal
2026-05-31 12:14:22,0.4526,0.4830,-0.0304,normal
2026-05-31 12:14:23,0.4579,0.4830,-0.0251,normal
2026-05-31 12:14:24,0.4559,0.4830,-0.0271,normal
2026-05-31 12:14:25,0.4542,0.4830,-0.0288,normal
2026-05-31 12:14:26,0.4579,0.4830,-0.0251,normal
2026-05-31 12:14:27,0.4596,0.4830,-0.0234,normal
2026-05-31 12:14:28,0.4542,0.4830,-0.0288,normal
2026-05-31 12:14:29,0.4579,0.4830,-0.0251,normal
2026-05-31 12:14:30,0.4596,0.4830,-0.0234,normal
2026-05-31 12:14:31,0.4596,0.4830,-0.0234,normal
2026-05-31 12:14:32,0.4579,0.4830,-0.0251,normal
2026-05-31 12:14:33,0.4579,0.4830,-0.0251,normal
2026-05-31 12:14:34,0.4542,0.4830,-0.0288,normal
2026-05-31 12:14:35,0.4542,0.4830,-0.0288,normal
2026-05-31 12:14:36,0.4559,0.4830,-0.0271,normal
2026-05-31 12:14:37,0.4522,0.4830,-0.0308,normal
2026-05-31 12:14:38,0.4522,0.4830,-0.0308,normal
2026-05-31 12:14:39,0.4522,0.4830,-0.0308,normal
2026-05-31 12:14:40,0.4559,0.4830,-0.0271,normal
2026-05-31 12:14:41,0.4505,0.4830,-0.0325,normal
2026-05-31 12:14:42,0.4469,0.4830,-0.0361,normal
2026-05-31 12:14:43,0.4542,0.4830,-0.0288,normal
2026-05-31 12:14:44,0.4596,0.4830,-0.0234,normal
2026-05-31 12:14:45,0.4596,0.4830,-0.0234,normal
2026-05-31 12:14:46,0.4559,0.4830,-0.0271,normal
2026-05-31 12:14:47,0.4526,0.4830,-0.0304,normal
2026-05-31 12:14:48,0.4562,0.4830,-0.0268,normal
2026-05-31 12:14:49,0.4542,0.4830,-0.0288,normal
2026-05-31 12:14:50,0.4542,0.4830,-0.0288,normal
2026-05-31 12:14:51,0.4542,0.4830,-0.0288,normal
2026-05-31 12:14:53,0.4596,0.4830,-0.0234,normal
2026-05-31 12:14:54,0.4579,0.4830,-0.0251,normal
2026-05-31 12:14:55,0.4539,0.4830,-0.0291,normal
2026-05-31 12:14:56,0.4542,0.4830,-0.0288,normal
2026-05-31 12:14:57,0.4579,0.4830,-0.0251,normal
2026-05-31 12:14:58,0.4500,0.4830,-0.0330,normal
2026-05-31 12:14:59,0.4448,0.4830,-0.0382,normal
2026-05-31 12:15:00,0.4444,0.4830,-0.0386,normal
2026-05-31 12:15:01,0.4424,0.4830,-0.0406,normal
2026-05-31 12:15:02,0.4496,0.4830,-0.0334,normal
2026-05-31 12:15:03,0.4460,0.4830,-0.0370,normal
2026-05-31 12:15:04,0.4477,0.4830,-0.0353,normal
2026-05-31 12:15:05,0.4477,0.4830,-0.0353,normal
2026-05-31 12:15:06,0.4457,0.4830,-0.0373,normal
2026-05-31 12:15:07,0.4440,0.4830,-0.0390,normal
2026-05-31 12:15:08,0.4477,0.4830,-0.0353,normal
2026-05-31 12:15:09,0.4477,0.4830,-0.0353,normal
2026-05-31 12:15:10,0.4477,0.4830,-0.0353,normal
2026-05-31 12:15:11,0.4493,0.4830,-0.0337,normal
2026-05-31 12:15:12,0.4473,0.4830,-0.0357,normal
2026-05-31 12:15:13,0.4420,0.4830,-0.0410,normal
2026-05-31 12:15:14,0.4460,0.4830,-0.0370,normal
2026-05-31 12:15:15,0.4477,0.4830,-0.0353,normal
2026-05-31 12:15:16,0.4477,0.4830,-0.0353,normal
2026-05-31 12:15:17,0.4059,0.4830,-0.0771,normal
2026-05-31 12:15:18,0.3985,0.4830,-0.0845,normal
2026-05-31 12:15:19,0.4053,0.4830,-0.0777,normal
2026-05-31 12:15:20,0.4129,0.4830,-0.0701,normal
2026-05-31 12:15:21,0.4237,0.4830,-0.0593,normal
2026-05-31 12:15:22,0.4211,0.4830,-0.0619,normal
2026-05-31 12:15:23,0.4313,0.4830,-0.0517,normal
2026-05-31 12:15:24,0.4297,0.4830,-0.0533,normal
2026-05-31 12:15:25,0.4275,0.4830,-0.0555,normal
2026-05-31 12:15:26,0.4131,0.4830,-0.0699,normal
2026-05-31 12:15:27,0.3937,0.4830,-0.0893,normal
2026-05-31 12:15:28,0.3855,0.4830,-0.0975,normal
2026-05-31 12:15:29,0.3861,0.4830,-0.0969,normal
2026-05-31 12:15:31,0.3985,0.4830,-0.0845,normal
2026-05-31 12:15:32,0.4167,0.4830,-0.0663,normal
2026-05-31 12:15:33,0.4536,0.4830,-0.0294,normal
2026-05-31 12:15:34,0.4496,0.4830,-0.0334,normal
2026-05-31 12:15:35,0.4424,0.4830,-0.0406,normal
2026-05-31 12:15:36,0.4460,0.4830,-0.0370,normal
2026-05-31 12:15:37,0.4440,0.4830,-0.0390,normal
2026-05-31 12:15:38,0.4404,0.4830,-0.0426,normal
2026-05-31 12:15:39,0.4457,0.4830,-0.0373,normal
2026-05-31 12:15:40,0.4420,0.4830,-0.0410,normal
2026-05-31 12:15:41,0.4388,0.4830,-0.0442,normal
2026-05-31 12:15:42,0.4404,0.4830,-0.0426,normal
2026-05-31 12:15:43,0.4404,0.4830,-0.0426,normal
2026-05-31 12:15:44,0.4420,0.4830,-0.0410,normal
2026-05-31 12:15:45,0.4404,0.4830,-0.0426,normal
2026-05-31 12:15:46,0.4440,0.4830,-0.0390,normal
2026-05-31 12:15:47,0.4306,0.4830,-0.0524,normal
2026-05-31 12:15:48,0.4296,0.4830,-0.0534,normal
2026-05-31 12:15:49,0.4353,0.4830,-0.0477,normal
2026-05-31 12:15:50,0.4373,0.4830,-0.0457,normal
2026-05-31 12:15:51,0.4393,0.4830,-0.0437,normal
2026-05-31 12:15:52,0.4373,0.4830,-0.0457,normal
2026-05-31 12:15:53,0.4695,0.4830,-0.0135,normal
2026-05-31 12:15:54,0.4493,0.4830,-0.0337,normal
2026-05-31 12:15:55,0.4424,0.4830,-0.0406,normal
2026-05-31 12:15:56,0.4444,0.4830,-0.0386,normal
2026-05-31 12:15:57,0.4444,0.4830,-0.0386,normal
2026-05-31 12:15:58,0.4457,0.4830,-0.0373,normal
2026-05-31 12:15:59,0.4460,0.4830,-0.0370,normal
2026-05-31 12:16:00,0.4457,0.4830,-0.0373,normal
2026-05-31 12:16:01,0.4440,0.4830,-0.0390,normal
2026-05-31 12:16:02,0.4440,0.4830,-0.0390,normal
2026-05-31 12:16:03,0.4477,0.4830,-0.0353,normal
2026-05-31 12:16:04,0.4460,0.4830,-0.0370,normal
2026-05-31 12:16:05,0.4440,0.4830,-0.0390,normal
2026-05-31 12:16:06,0.4440,0.4830,-0.0390,normal
2026-05-31 12:16:07,0.4444,0.4830,-0.0386,normal
2026-05-31 12:16:08,0.4404,0.4830,-0.0426,normal
2026-05-31 12:16:09,0.4444,0.4830,-0.0386,normal
2026-05-31 12:16:11,0.4444,0.4830,-0.0386,normal
2026-05-31 12:16:12,0.4393,0.4830,-0.0437,normal
2026-05-31 12:16:13,0.4444,0.4830,-0.0386,normal
2026-05-31 12:16:14,0.4409,0.4830,-0.0421,normal
2026-05-31 12:16:15,0.4409,0.4830,-0.0421,normal
2026-05-31 12:16:16,0.4409,0.4830,-0.0421,normal
2026-05-31 12:16:17,0.4409,0.4830,-0.0421,normal
2026-05-31 12:16:18,0.4424,0.4830,-0.0406,normal
2026-05-31 12:16:19,0.4424,0.4830,-0.0406,normal
2026-05-31 12:16:20,0.4457,0.4830,-0.0373,normal
2026-05-31 12:16:21,0.4460,0.4830,-0.0370,normal
2026-05-31 12:16:22,0.4424,0.4830,-0.0406,normal
2026-05-31 12:16:23,0.4409,0.4830,-0.0421,normal
2026-05-31 12:16:24,0.4409,0.4830,-0.0421,normal
2026-05-31 12:16:25,0.4424,0.4830,-0.0406,normal
2026-05-31 12:16:26,0.4424,0.4830,-0.0406,normal
2026-05-31 12:16:27,0.4409,0.4830,-0.0421,normal
2026-05-31 12:16:28,0.4409,0.4830,-0.0421,normal
2026-05-31 12:16:29,0.4424,0.4830,-0.0406,normal
2026-05-31 12:16:30,0.4440,0.4830,-0.0390,normal
2026-05-31 12:16:31,0.4388,0.4830,-0.0442,normal
2026-05-31 12:16:32,0.4424,0.4830,-0.0406,normal
2026-05-31 12:16:33,0.4404,0.4830,-0.0426,normal
2026-05-31 12:16:34,0.4404,0.4830,-0.0426,normal
2026-05-31 12:16:35,0.4404,0.4830,-0.0426,normal
2026-05-31 12:16:36,0.4420,0.4830,-0.0410,normal
2026-05-31 12:16:37,0.4404,0.4830,-0.0426,normal
2026-05-31 12:16:38,0.4182,0.4830,-0.0648,normal
2026-05-31 12:16:39,0.3794,0.4830,-0.1036,normal
2026-05-31 12:16:40,0.3794,0.4830,-0.1036,normal
2026-05-31 12:16:41,0.3808,0.4830,-0.1022,normal
2026-05-31 12:16:43,0.3772,0.4830,-0.1058,normal
2026-05-31 12:16:44,0.3821,0.4830,-0.1009,normal
2026-05-31 12:16:45,0.4014,0.4830,-0.0816,normal
2026-05-31 12:16:46,0.4477,0.4830,-0.0353,normal
2026-05-31 12:16:47,0.4457,0.4830,-0.0373,normal
2026-05-31 12:16:48,0.4404,0.4830,-0.0426,normal
2026-05-31 12:16:49,0.4436,0.4830,-0.0394,normal
2026-05-31 12:16:50,0.4420,0.4830,-0.0410,normal
2026-05-31 12:16:51,0.4420,0.4830,-0.0410,normal
2026-05-31 12:16:52,0.4436,0.4830,-0.0394,normal
2026-05-31 12:16:53,0.4420,0.4830,-0.0410,normal
2026-05-31 12:16:54,0.4436,0.4830,-0.0394,normal
2026-05-31 12:16:55,0.4436,0.4830,-0.0394,normal
2026-05-31 12:16:56,0.4436,0.4830,-0.0394,normal
2026-05-31 12:16:57,0.4453,0.4830,-0.0377,normal
2026-05-31 12:16:58,0.4436,0.4830,-0.0394,normal
2026-05-31 12:16:59,0.4436,0.4830,-0.0394,normal
2026-05-31 12:17:00,0.4400,0.4830,-0.0430,normal
2026-05-31 12:17:01,0.4377,0.4830,-0.0453,normal
2026-05-31 12:17:02,0.4345,0.4830,-0.0485,normal
2026-05-31 12:17:03,0.4552,0.4830,-0.0278,normal
2026-05-31 12:17:04,0.4545,0.4830,-0.0285,normal
2026-05-31 12:17:05,0.4473,0.4830,-0.0357,normal
2026-05-31 12:17:06,0.4509,0.4830,-0.0321,normal
2026-05-31 12:17:07,0.4526,0.4830,-0.0304,normal
2026-05-31 12:17:08,0.4493,0.4830,-0.0337,normal
2026-05-31 12:17:09,0.4493,0.4830,-0.0337,normal
2026-05-31 12:17:10,0.4457,0.4830,-0.0373,normal
2026-05-31 12:17:11,0.4457,0.4830,-0.0373,normal
2026-05-31 12:17:12,0.4457,0.4830,-0.0373,normal
2026-05-31 12:17:13,0.4457,0.4830,-0.0373,normal
2026-05-31 12:17:14,0.4420,0.4830,-0.0410,normal
2026-05-31 12:17:15,0.4457,0.4830,-0.0373,normal
2026-05-31 12:17:16,0.4489,0.4830,-0.0341,normal
2026-05-31 12:17:17,0.4473,0.4830,-0.0357,normal
2026-05-31 12:17:18,0.4141,0.4830,-0.0689,normal
2026-05-31 12:17:20,0.4363,0.4830,-0.0467,normal
2026-05-31 12:17:21,0.4706,0.4830,-0.0124,normal
2026-05-31 12:17:22,0.4739,0.4830,-0.0091,normal
2026-05-31 12:17:23,0.4557,0.4830,-0.0273,normal
2026-05-31 12:17:24,0.4510,0.4830,-0.0320,normal
2026-05-31 12:17:25,0.4539,0.4830,-0.0291,normal
2026-05-31 12:17:26,0.4567,0.4830,-0.0263,normal
2026-05-31 12:17:27,0.4575,0.4830,-0.0255,normal
2026-05-31 12:17:28,0.4686,0.4830,-0.0144,normal
2026-05-31 12:17:29,0.4671,0.4830,-0.0159,normal
2026-05-31 12:17:30,0.4448,0.4830,-0.0382,normal
2026-05-31 12:17:31,0.4477,0.4830,-0.0353,normal
2026-05-31 12:17:32,0.4459,0.4830,-0.0371,normal
2026-05-31 12:17:33,0.4430,0.4830,-0.0400,normal
2026-05-31 12:17:34,0.4463,0.4830,-0.0367,normal
2026-05-31 12:17:35,0.4477,0.4830,-0.0353,normal
2026-05-31 12:17:36,0.4430,0.4830,-0.0400,normal
2026-05-31 12:17:37,0.4455,0.4830,-0.0375,normal
2026-05-31 12:17:38,0.4470,0.4830,-0.0360,normal
2026-05-31 12:17:39,0.4408,0.4830,-0.0422,normal
2026-05-31 12:17:40,0.4356,0.4830,-0.0474,normal
2026-05-31 12:17:41,0.4441,0.4830,-0.0389,normal
2026-05-31 12:17:42,0.4408,0.4830,-0.0422,normal
2026-05-31 12:17:43,0.4470,0.4830,-0.0360,normal
2026-05-31 12:17:44,0.4459,0.4830,-0.0371,normal
2026-05-31 12:17:45,0.4477,0.4830,-0.0353,normal
2026-05-31 12:17:46,0.4426,0.4830,-0.0404,normal
2026-05-31 12:17:47,0.4459,0.4830,-0.0371,normal
2026-05-31 12:17:48,0.4474,0.4830,-0.0356,normal
2026-05-31 12:17:49,0.4459,0.4830,-0.0371,normal
2026-05-31 12:17:50,0.4459,0.4830,-0.0371,normal
2026-05-31 12:17:51,0.4463,0.4830,-0.0367,normal
2026-05-31 12:17:52,0.4426,0.4830,-0.0404,normal
2026-05-31 12:17:53,0.4444,0.4830,-0.0386,normal
2026-05-31 12:17:55,0.4397,0.4830,-0.0433,normal
2026-05-31 12:17:56,0.4430,0.4830,-0.0400,normal
2026-05-31 12:17:57,0.4434,0.4830,-0.0396,normal
2026-05-31 12:17:58,0.4448,0.4830,-0.0382,normal
2026-05-31 12:17:59,0.4383,0.4830,-0.0447,normal
2026-05-31 12:18:00,0.4401,0.4830,-0.0429,normal
2026-05-31 12:18:01,0.4430,0.4830,-0.0400,normal
2026-05-31 12:18:02,0.4387,0.4830,-0.0443,normal
2026-05-31 12:18:03,0.4383,0.4830,-0.0447,normal
2026-05-31 12:18:04,0.4397,0.4830,-0.0433,normal
2026-05-31 12:18:05,0.4351,0.4830,-0.0479,normal
2026-05-31 12:18:06,0.4379,0.4830,-0.0451,normal
2026-05-31 12:18:07,0.4397,0.4830,-0.0433,normal
2026-05-31 12:18:08,0.4430,0.4830,-0.0400,normal
2026-05-31 12:18:09,0.4416,0.4830,-0.0414,normal
2026-05-31 12:18:10,0.4383,0.4830,-0.0447,normal
2026-05-31 12:18:11,0.4365,0.4830,-0.0465,normal
2026-05-31 12:18:12,0.4369,0.4830,-0.0461,normal
2026-05-31 12:18:13,0.4401,0.4830,-0.0429,normal
2026-05-31 12:18:14,0.4434,0.4830,-0.0396,normal
2026-05-31 12:18:15,0.4434,0.4830,-0.0396,normal
2026-05-31 12:18:16,0.4355,0.4830,-0.0475,normal
2026-05-31 12:18:17,0.4387,0.4830,-0.0443,normal
2026-05-31 12:18:18,0.4401,0.4830,-0.0429,normal
2026-05-31 12:18:19,0.4373,0.4830,-0.0457,normal
2026-05-31 12:18:20,0.4401,0.4830,-0.0429,normal
2026-05-31 12:18:21,0.4373,0.4830,-0.0457,normal
2026-05-31 12:18:22,0.4369,0.4830,-0.0461,normal
2026-05-31 12:18:23,0.4373,0.4830,-0.0457,normal
2026-05-31 12:18:24,0.4369,0.4830,-0.0461,normal
2026-05-31 12:18:25,0.4355,0.4830,-0.0475,normal
2026-05-31 12:18:27,0.4369,0.4830,-0.0461,normal
2026-05-31 12:18:28,0.4355,0.4830,-0.0475,normal
2026-05-31 12:18:29,0.4387,0.4830,-0.0443,normal
2026-05-31 12:18:30,0.4369,0.4830,-0.0461,normal
2026-05-31 12:18:31,0.4379,0.4830,-0.0451,normal
2026-05-31 12:18:32,0.4369,0.4830,-0.0461,normal
2026-05-31 12:18:33,0.4391,0.4830,-0.0439,normal
2026-05-31 12:18:34,0.4304,0.4830,-0.0526,normal
2026-05-31 12:18:35,0.4355,0.4830,-0.0475,normal
2026-05-31 12:18:36,0.4387,0.4830,-0.0443,normal
2026-05-31 12:18:37,0.4369,0.4830,-0.0461,normal
2026-05-31 12:18:38,0.4419,0.4830,-0.0411,normal
2026-05-31 12:18:39,0.4387,0.4830,-0.0443,normal
2026-05-31 12:18:40,0.4373,0.4830,-0.0457,normal
2026-05-31 12:18:41,0.4383,0.4830,-0.0447,normal
2026-05-31 12:18:42,0.4401,0.4830,-0.0429,normal
2026-05-31 12:18:43,0.4419,0.4830,-0.0411,normal
2026-05-31 12:18:44,0.4629,0.4830,-0.0201,normal
2026-05-31 12:18:45,0.4629,0.4830,-0.0201,normal
2026-05-31 12:18:46,0.4629,0.4830,-0.0201,normal
2026-05-31 12:18:47,0.4507,0.4830,-0.0323,normal
2026-05-31 12:18:48,0.4545,0.4830,-0.0285,normal
2026-05-31 12:18:49,0.4542,0.4830,-0.0288,normal
2026-05-31 12:18:50,0.4504,0.4830,-0.0326,normal
2026-05-31 12:18:51,0.4542,0.4830,-0.0288,normal
2026-05-31 12:18:52,0.4539,0.4830,-0.0291,normal
2026-05-31 12:18:53,0.4545,0.4830,-0.0285,normal
2026-05-31 12:18:54,0.4216,0.4830,-0.0614,normal
2026-05-31 12:18:55,0.4251,0.4830,-0.0579,normal
2026-05-31 12:18:56,0.4351,0.4830,-0.0479,normal
2026-05-31 12:18:58,0.4337,0.4830,-0.0493,normal
2026-05-31 12:18:59,0.4337,0.4830,-0.0493,normal
2026-05-31 12:19:00,0.4143,0.4830,-0.0687,normal
2026-05-31 12:19:01,0.4170,0.4830,-0.0660,normal
2026-05-31 12:19:02,0.4128,0.4830,-0.0702,normal
2026-05-31 12:19:03,0.4214,0.4830,-0.0616,normal
2026-05-31 12:19:04,0.4393,0.4830,-0.0437,normal
2026-05-31 12:19:05,0.4118,0.4830,-0.0712,normal
2026-05-31 12:19:06,0.4533,0.4830,-0.0297,normal
2026-05-31 12:19:07,0.4533,0.4830,-0.0297,normal
2026-05-31 12:19:08,0.4498,0.4830,-0.0332,normal
2026-05-31 12:19:09,0.4514,0.4830,-0.0316,normal
2026-05-31 12:19:10,0.4479,0.4830,-0.0351,normal
2026-05-31 12:19:11,0.4444,0.4830,-0.0386,normal
2026-05-31 12:19:12,0.4460,0.4830,-0.0370,normal
2026-05-31 12:19:13,0.4479,0.4830,-0.0351,normal
2026-05-31 12:19:14,0.4444,0.4830,-0.0386,normal
2026-05-31 12:19:15,0.4429,0.4830,-0.0401,normal
2026-05-31 12:19:16,0.4488,0.4830,-0.0342,normal
2026-05-31 12:19:17,0.4323,0.4830,-0.0507,normal
2026-05-31 12:19:18,0.4551,0.4830,-0.0279,normal
2026-05-31 12:19:19,0.4444,0.4830,-0.0386,normal
2026-05-31 12:19:20,0.4332,0.4830,-0.0498,normal
2026-05-31 12:19:21,0.4379,0.4830,-0.0451,normal
2026-05-31 12:19:22,0.4397,0.4830,-0.0433,normal
2026-05-31 12:19:23,0.4318,0.4830,-0.0512,normal
2026-05-31 12:19:24,0.4304,0.4830,-0.0526,normal
2026-05-31 12:19:25,0.4351,0.4830,-0.0479,normal
2026-05-31 12:19:26,0.4304,0.4830,-0.0526,normal
2026-05-31 12:19:27,0.4300,0.4830,-0.0530,normal
2026-05-31 12:19:28,0.4369,0.4830,-0.0461,normal
2026-05-31 12:19:29,0.4365,0.4830,-0.0465,normal
2026-05-31 12:19:30,0.4365,0.4830,-0.0465,normal
2026-05-31 12:19:31,0.4365,0.4830,-0.0465,normal
2026-05-31 12:19:32,0.4434,0.4830,-0.0396,normal
2026-05-31 12:19:33,0.4419,0.4830,-0.0411,normal
2026-05-31 12:19:35,0.4434,0.4830,-0.0396,normal
2026-05-31 12:19:36,0.4430,0.4830,-0.0400,normal
2026-05-31 12:19:37,0.4416,0.4830,-0.0414,normal
2026-05-31 12:19:38,0.4387,0.4830,-0.0443,normal
2026-05-31 12:19:39,0.4434,0.4830,-0.0396,normal
2026-05-31 12:19:40,0.4387,0.4830,-0.0443,normal
2026-05-31 12:19:41,0.4351,0.4830,-0.0479,normal
2026-05-31 12:19:42,0.4355,0.4830,-0.0475,normal
2026-05-31 12:19:43,0.4337,0.4830,-0.0493,normal
2026-05-31 12:19:44,0.4401,0.4830,-0.0429,normal
2026-05-31 12:19:45,0.4397,0.4830,-0.0433,normal
2026-05-31 12:19:46,0.4355,0.4830,-0.0475,normal
2026-05-31 12:19:47,0.4469,0.4830,-0.0361,normal
2026-05-31 12:19:48,0.4452,0.4830,-0.0378,normal
2026-05-31 12:19:49,0.4724,0.4830,-0.0106,normal
2026-05-31 12:19:50,0.4555,0.4830,-0.0275,normal
2026-05-31 12:19:51,0.4498,0.4830,-0.0332,normal
2026-05-31 12:19:52,0.4425,0.4830,-0.0405,normal
2026-05-31 12:19:53,0.4441,0.4830,-0.0389,normal
2026-05-31 12:19:54,0.4441,0.4830,-0.0389,normal
2026-05-31 12:19:55,0.4441,0.4830,-0.0389,normal
2026-05-31 12:19:56,0.4495,0.4830,-0.0335,normal
2026-05-31 12:19:57,0.4498,0.4830,-0.0332,normal
2026-05-31 12:19:58,0.4530,0.4830,-0.0300,normal
2026-05-31 12:19:59,0.4464,0.4830,-0.0366,normal
2026-05-31 12:20:00,0.4495,0.4830,-0.0335,normal
2026-05-31 12:20:01,0.4659,0.4830,-0.0171,normal
2026-05-31 12:20:02,0.4588,0.4830,-0.0242,normal
2026-05-31 12:20:03,0.4599,0.4830,-0.0231,normal
2026-05-31 12:20:04,0.4601,0.4830,-0.0229,normal
2026-05-31 12:20:05,0.4582,0.4830,-0.0248,normal
2026-05-31 12:20:07,0.4565,0.4830,-0.0265,normal
2026-05-31 12:20:08,0.4624,0.4830,-0.0206,normal
2026-05-31 12:20:09,0.4676,0.4830,-0.0154,normal
2026-05-31 12:20:10,0.4643,0.4830,-0.0187,normal
2026-05-31 12:20:11,0.4626,0.4830,-0.0204,normal
2026-05-31 12:20:12,0.4659,0.4830,-0.0171,normal
2026-05-31 12:20:13,0.4591,0.4830,-0.0239,normal
2026-05-31 12:20:14,0.4610,0.4830,-0.0220,normal
2026-05-31 12:20:15,0.4645,0.4830,-0.0185,normal
2026-05-31 12:20:16,0.4626,0.4830,-0.0204,normal
2026-05-31 12:20:17,0.4545,0.4830,-0.0285,normal
2026-05-31 12:20:18,0.4474,0.4830,-0.0356,normal
2026-05-31 12:20:19,0.4491,0.4830,-0.0339,normal
2026-05-31 12:20:20,0.4498,0.4830,-0.0332,normal
2026-05-31 12:20:21,0.4407,0.4830,-0.0423,normal
2026-05-31 12:20:22,0.4440,0.4830,-0.0390,normal
2026-05-31 12:20:23,0.4457,0.4830,-0.0373,normal
2026-05-31 12:20:24,0.4440,0.4830,-0.0390,normal
2026-05-31 12:20:25,0.4457,0.4830,-0.0373,normal
2026-05-31 12:20:26,0.4440,0.4830,-0.0390,normal
2026-05-31 12:20:27,0.4424,0.4830,-0.0406,normal
2026-05-31 12:20:28,0.4424,0.4830,-0.0406,normal
2026-05-31 12:20:29,0.4461,0.4830,-0.0369,normal
2026-05-31 12:20:30,0.4440,0.4830,-0.0390,normal
2026-05-31 12:20:31,0.4424,0.4830,-0.0406,normal
2026-05-31 12:20:32,0.4424,0.4830,-0.0406,normal
2026-05-31 12:20:33,0.4387,0.4830,-0.0443,normal
2026-05-31 12:20:34,0.4382,0.4830,-0.0448,normal
2026-05-31 12:20:35,0.4387,0.4830,-0.0443,normal
2026-05-31 12:20:37,0.4387,0.4830,-0.0443,normal
2026-05-31 12:20:38,0.4440,0.4830,-0.0390,normal
2026-05-31 12:20:39,0.4424,0.4830,-0.0406,normal
2026-05-31 12:20:40,0.4478,0.4830,-0.0352,normal
2026-05-31 12:20:41,0.4407,0.4830,-0.0423,normal
2026-05-31 12:20:42,0.4424,0.4830,-0.0406,normal
2026-05-31 12:20:43,0.4440,0.4830,-0.0390,normal
2026-05-31 12:20:44,0.4424,0.4830,-0.0406,normal
2026-05-31 12:20:45,0.4444,0.4830,-0.0386,normal
2026-05-31 12:20:46,0.4478,0.4830,-0.0352,normal
2026-05-31 12:20:47,0.4461,0.4830,-0.0369,normal
2026-05-31 12:20:48,0.4461,0.4830,-0.0369,normal
2026-05-31 12:20:49,0.4478,0.4830,-0.0352,normal
2026-05-31 12:20:50,0.4461,0.4830,-0.0369,normal
2026-05-31 12:20:51,0.4478,0.4830,-0.0352,normal
2026-05-31 12:20:52,0.4478,0.4830,-0.0352,normal
2026-05-31 12:20:53,0.4440,0.4830,-0.0390,normal
2026-05-31 12:20:54,0.4498,0.4830,-0.0332,normal
2026-05-31 12:20:55,0.4008,0.4830,-0.0822,normal
2026-05-31 12:20:56,0.4023,0.4830,-0.0807,normal
2026-05-31 12:20:57,0.4015,0.4830,-0.0815,normal
2026-05-31 12:20:58,0.4023,0.4830,-0.0807,normal
2026-05-31 12:20:59,0.3992,0.4830,-0.0838,normal
2026-05-31 12:21:00,0.3969,0.4830,-0.0861,normal
2026-05-31 12:21:01,0.3962,0.4830,-0.0868,normal
2026-05-31 12:21:02,0.3969,0.4830,-0.0861,normal
2026-05-31 12:21:03,0.3846,0.4830,-0.0984,normal
2026-05-31 12:21:04,0.3725,0.4830,-0.1105,normal
2026-05-31 12:21:05,0.3725,0.4830,-0.1105,normal
2026-05-31 12:21:06,0.3711,0.4830,-0.1119,normal
2026-05-31 12:21:07,0.3765,0.4830,-0.1065,normal
2026-05-31 12:21:08,0.3765,0.4830,-0.1065,normal
2026-05-31 12:21:09,0.3804,0.4830,-0.1026,normal
2026-05-31 12:21:10,0.3810,0.4830,-0.1020,normal
2026-05-31 12:21:11,0.3725,0.4830,-0.1105,normal
2026-05-31 12:21:12,0.3735,0.4830,-0.1095,normal
2026-05-31 12:21:13,0.3720,0.4830,-0.1110,normal
2026-05-31 12:21:15,0.3711,0.4830,-0.1119,normal
2026-05-31 12:21:16,0.3770,0.4830,-0.1060,normal
2026-05-31 12:21:17,0.3770,0.4830,-0.1060,normal
2026-05-31 12:21:18,0.3676,0.4830,-0.1154,normal
2026-05-31 12:21:19,0.3774,0.4830,-0.1056,normal
2026-05-31 12:21:20,0.3701,0.4830,-0.1129,normal
2026-05-31 12:21:21,0.3686,0.4830,-0.1144,normal
2026-05-31 12:21:22,0.3672,0.4830,-0.1158,normal
2026-05-31 12:21:23,0.3740,0.4830,-0.1090,normal
2026-05-31 12:21:24,0.4104,0.4830,-0.0726,normal
2026-05-31 12:21:25,0.4212,0.4830,-0.0618,normal
2026-05-31 12:21:26,0.4375,0.4830,-0.0455,normal
2026-05-31 12:21:27,0.4338,0.4830,-0.0492,normal
2026-05-31 12:21:28,0.4301,0.4830,-0.0529,normal
2026-05-31 12:21:29,0.4296,0.4830,-0.0534,normal
2026-05-31 12:21:30,0.4322,0.4830,-0.0508,normal
2026-05-31 12:21:31,0.4317,0.4830,-0.0513,normal
2026-05-31 12:21:32,0.4280,0.4830,-0.0550,normal
2026-05-31 12:21:33,0.4301,0.4830,-0.0529,normal
2026-05-31 12:21:34,0.4280,0.4830,-0.0550,normal
2026-05-31 12:21:35,0.4322,0.4830,-0.0508,normal
2026-05-31 12:21:36,0.4322,0.4830,-0.0508,normal
2026-05-31 12:21:37,0.4301,0.4830,-0.0529,normal
2026-05-31 12:21:38,0.4338,0.4830,-0.0492,normal
2026-05-31 12:21:39,0.4338,0.4830,-0.0492,normal
2026-05-31 12:21:40,0.4296,0.4830,-0.0534,normal
2026-05-31 12:21:41,0.4280,0.4830,-0.0550,normal
2026-05-31 12:21:42,0.4317,0.4830,-0.0513,normal
2026-05-31 12:21:43,0.4265,0.4830,-0.0565,normal
2026-05-31 12:21:44,0.4301,0.4830,-0.0529,normal
2026-05-31 12:21:45,0.4476,0.4830,-0.0354,normal
2026-05-31 12:21:46,0.4572,0.4830,-0.0258,normal
2026-05-31 12:21:47,0.4440,0.4830,-0.0390,normal
2026-05-31 12:21:48,0.4359,0.4830,-0.0471,normal
2026-05-31 12:21:49,0.4391,0.4830,-0.0439,normal
2026-05-31 12:21:50,0.4416,0.4830,-0.0414,normal
2026-05-31 12:21:51,0.4364,0.4830,-0.0466,normal
2026-05-31 12:21:52,0.4364,0.4830,-0.0466,normal
2026-05-31 12:21:53,0.4478,0.4830,-0.0352,normal
2026-05-31 12:21:54,0.4411,0.4830,-0.0419,normal
2026-05-31 12:21:55,0.4436,0.4830,-0.0394,normal
2026-05-31 12:21:57,0.4457,0.4830,-0.0373,normal
2026-05-31 12:21:58,0.4478,0.4830,-0.0352,normal
2026-05-31 12:21:59,0.4478,0.4830,-0.0352,normal
2026-05-31 12:22:00,0.4515,0.4830,-0.0315,normal
2026-05-31 12:22:01,0.4488,0.4830,-0.0342,normal
2026-05-31 12:22:02,0.4536,0.4830,-0.0294,normal
2026-05-31 12:22:03,0.4552,0.4830,-0.0278,normal
2026-05-31 12:22:04,0.4552,0.4830,-0.0278,normal
2026-05-31 12:22:05,0.4549,0.4830,-0.0281,normal
2026-05-31 12:22:06,0.4568,0.4830,-0.0262,normal
2026-05-31 12:22:07,0.4513,0.4830,-0.0317,normal
2026-05-31 12:22:08,0.4516,0.4830,-0.0314,normal
2026-05-31 12:22:09,0.4513,0.4830,-0.0317,normal
2026-05-31 12:22:10,0.4460,0.4830,-0.0370,normal
2026-05-31 12:22:11,0.4496,0.4830,-0.0334,normal
2026-05-31 12:22:12,0.4496,0.4830,-0.0334,normal
2026-05-31 12:22:13,0.4460,0.4830,-0.0370,normal
2026-05-31 12:22:14,0.4460,0.4830,-0.0370,normal
2026-05-31 12:22:15,0.4477,0.4830,-0.0353,normal
2026-05-31 12:22:16,0.4529,0.4830,-0.0301,normal
2026-05-31 12:22:17,0.4457,0.4830,-0.0373,normal
2026-05-31 12:22:18,0.4513,0.4830,-0.0317,normal
2026-05-31 12:22:19,0.4477,0.4830,-0.0353,normal
2026-05-31 12:22:20,0.4440,0.4830,-0.0390,normal
2026-05-31 12:22:21,0.4493,0.4830,-0.0337,normal
2026-05-31 12:22:22,0.4457,0.4830,-0.0373,normal
2026-05-31 12:22:23,0.4477,0.4830,-0.0353,normal
2026-05-31 12:22:24,0.4440,0.4830,-0.0390,normal
2026-05-31 12:22:25,0.4460,0.4830,-0.0370,normal
2026-05-31 12:22:26,0.4545,0.4830,-0.0285,normal
2026-05-31 12:22:28,0.4432,0.4830,-0.0398,normal
2026-05-31 12:22:29,0.4412,0.4830,-0.0418,normal
2026-05-31 12:22:30,0.4375,0.4830,-0.0455,normal
2026-05-31 12:22:31,0.4428,0.4830,-0.0402,normal
2026-05-31 12:22:32,0.4432,0.4830,-0.0398,normal
2026-05-31 12:22:33,0.4396,0.4830,-0.0434,normal
2026-05-31 12:22:34,0.4449,0.4830,-0.0381,normal
2026-05-31 12:22:35,0.4412,0.4830,-0.0418,normal
2026-05-31 12:22:36,0.4428,0.4830,-0.0402,normal
2026-05-31 12:22:37,0.4412,0.4830,-0.0418,normal
2026-05-31 12:22:38,0.4539,0.4830,-0.0291,normal
2026-05-31 12:22:39,0.4520,0.4830,-0.0310,normal
2026-05-31 12:22:40,0.4536,0.4830,-0.0294,normal
2026-05-31 12:22:41,0.4484,0.4830,-0.0346,normal
2026-05-31 12:22:42,0.4504,0.4830,-0.0326,normal
2026-05-31 12:22:43,0.4520,0.4830,-0.0310,normal
2026-05-31 12:22:44,0.4536,0.4830,-0.0294,normal
2026-05-31 12:22:45,0.4539,0.4830,-0.0291,normal
2026-05-31 12:22:46,0.4523,0.4830,-0.0307,normal
2026-05-31 12:22:47,0.4507,0.4830,-0.0323,normal
2026-05-31 12:22:48,0.4523,0.4830,-0.0307,normal
2026-05-31 12:22:49,0.4488,0.4830,-0.0342,normal
2026-05-31 12:22:50,0.4488,0.4830,-0.0342,normal
2026-05-31 12:22:51,0.4488,0.4830,-0.0342,normal
2026-05-31 12:22:52,0.4452,0.4830,-0.0378,normal
2026-05-31 12:22:53,0.4507,0.4830,-0.0323,normal
2026-05-31 12:22:54,0.4468,0.4830,-0.0362,normal
2026-05-31 12:22:55,0.4618,0.4830,-0.0212,normal
2026-05-31 12:22:56,0.4601,0.4830,-0.0229,normal
2026-05-31 12:22:57,0.4523,0.4830,-0.0307,normal
2026-05-31 12:22:59,0.4472,0.4830,-0.0358,normal
2026-05-31 12:23:00,0.4536,0.4830,-0.0294,normal
2026-05-31 12:23:01,0.4440,0.4830,-0.0390,normal
2026-05-31 12:23:02,0.4473,0.4830,-0.0357,normal
2026-05-31 12:23:03,0.4509,0.4830,-0.0321,normal
2026-05-31 12:23:04,0.4489,0.4830,-0.0341,normal
2026-05-31 12:23:05,0.4582,0.4830,-0.0248,normal
2026-05-31 12:23:06,0.4565,0.4830,-0.0265,normal
2026-05-31 12:23:07,0.4638,0.4830,-0.0192,normal
2026-05-31 12:23:08,0.4565,0.4830,-0.0265,normal
2026-05-31 12:23:09,0.4565,0.4830,-0.0265,normal
2026-05-31 12:23:10,0.4545,0.4830,-0.0285,normal
2026-05-31 12:23:11,0.4599,0.4830,-0.0231,normal
2026-05-31 12:23:12,0.4582,0.4830,-0.0248,normal
2026-05-31 12:23:13,0.4562,0.4830,-0.0268,normal
2026-05-31 12:23:14,0.4542,0.4830,-0.0288,normal
2026-05-31 12:23:15,0.4542,0.4830,-0.0288,normal
2026-05-31 12:23:16,0.4542,0.4830,-0.0288,normal
2026-05-31 12:23:17,0.4579,0.4830,-0.0251,normal
2026-05-31 12:23:18,0.4562,0.4830,-0.0268,normal
2026-05-31 12:23:19,0.4542,0.4830,-0.0288,normal
2026-05-31 12:23:20,0.4562,0.4830,-0.0268,normal
2026-05-31 12:23:21,0.4562,0.4830,-0.0268,normal
2026-05-31 12:23:22,0.4599,0.4830,-0.0231,normal
2026-05-31 12:23:23,0.4579,0.4830,-0.0251,normal
2026-05-31 12:23:24,0.4545,0.4830,-0.0285,normal
2026-05-31 12:23:25,0.4562,0.4830,-0.0268,normal
2026-05-31 12:23:26,0.4504,0.4830,-0.0326,normal
2026-05-31 12:23:28,0.4504,0.4830,-0.0326,normal
2026-05-31 12:23:29,0.4448,0.4830,-0.0382,normal
2026-05-31 12:23:30,0.4520,0.4830,-0.0310,normal
2026-05-31 12:23:31,0.4520,0.4830,-0.0310,normal
2026-05-31 12:23:32,0.4520,0.4830,-0.0310,normal
2026-05-31 12:23:33,0.4484,0.4830,-0.0346,normal
2026-05-31 12:23:34,0.4448,0.4830,-0.0382,normal
2026-05-31 12:23:35,0.4520,0.4830,-0.0310,normal
2026-05-31 12:23:36,0.4484,0.4830,-0.0346,normal
2026-05-31 12:23:37,0.4464,0.4830,-0.0366,normal
2026-05-31 12:25:27,0.4627,good,THRESH
2026-05-31 12:25:28,0.4560,good,THRESH
2026-05-31 12:25:29,0.4420,good,THRESH
2026-05-31 12:25:30,0.4500,good,THRESH
2026-05-31 12:25:31,0.4512,good,THRESH
2026-05-31 12:25:32,0.5000,good,THRESH
2026-05-31 12:25:33,0.4932,good,THRESH
2026-05-31 12:25:34,0.4818,good,THRESH
2026-05-31 12:25:35,0.4884,good,THRESH
2026-05-31 12:25:36,0.4885,good,THRESH
2026-05-31 12:25:38,0.4886,good,THRESH
2026-05-31 12:25:39,0.4914,good,THRESH
2026-05-31 12:25:40,0.4948,good,THRESH
2026-05-31 12:25:41,0.5053,good,THRESH
2026-05-31 12:25:42,0.4780,good,THRESH
2026-05-31 12:25:43,0.4847,good,THRESH
2026-05-31 12:25:44,0.4799,good,THRESH
2026-05-31 12:25:45,0.4730,good,THRESH
2026-05-31 12:25:46,0.4680,good,THRESH
2026-05-31 12:25:47,0.4833,good,THRESH
2026-05-31 12:25:48,0.4817,good,THRESH
2026-05-31 12:25:49,0.4868,good,THRESH
2026-05-31 12:25:50,0.4849,good,THRESH
2026-05-31 12:25:51,0.4949,good,THRESH
2026-05-31 12:25:52,0.4915,good,THRESH
2026-05-31 12:25:53,0.4915,good,THRESH
2026-05-31 12:25:54,0.4915,good,THRESH
2026-05-31 12:25:55,0.4949,good,THRESH
2026-05-31 12:25:56,0.4932,good,THRESH
2026-05-31 12:25:57,0.4848,good,THRESH
2026-05-31 12:25:58,0.4951,good,THRESH
2026-05-31 12:25:59,0.4951,good,THRESH
2026-05-31 12:26:00,0.4785,good,THRESH
2026-05-31 12:26:01,0.4807,good,THRESH
2026-05-31 12:26:02,0.4770,good,THRESH
2026-05-31 12:26:03,0.4789,good,THRESH
2026-05-31 12:26:04,0.4787,good,THRESH
2026-05-31 12:26:05,0.4843,good,THRESH
2026-05-31 12:26:06,0.4843,good,THRESH
2026-05-31 12:26:07,0.4775,good,THRESH
2026-05-31 12:26:08,0.4983,good,THRESH
2026-05-31 12:26:09,0.4932,good,THRESH
2026-05-31 12:26:10,0.4778,good,THRESH
2026-05-31 12:26:11,0.4814,good,THRESH
2026-05-31 12:26:12,0.4815,good,THRESH
2026-05-31 12:26:13,0.4820,good,THRESH
2026-05-31 12:26:15,0.4839,good,THRESH
2026-05-31 12:26:16,0.4821,good,THRESH
2026-05-31 12:26:17,0.4713,good,THRESH
2026-05-31 12:26:18,0.4043,good,THRESH
2026-05-31 12:26:19,0.3894,bad_forward,THRESH
2026-05-31 12:26:20,0.3897,bad_forward,THRESH
2026-05-31 12:26:21,0.3754,bad_forward,THRESH
2026-05-31 12:26:22,0.4141,good,THRESH
2026-05-31 12:26:23,0.4061,good,THRESH
2026-05-31 12:26:24,0.4030,good,THRESH
2026-05-31 12:26:25,0.3785,bad_forward,THRESH
2026-05-31 12:26:26,0.3773,bad_forward,THRESH
2026-05-31 12:26:27,0.3754,bad_forward,THRESH
2026-05-31 12:26:28,0.3812,bad_forward,THRESH
2026-05-31 12:26:29,0.3933,bad_forward,THRESH
2026-05-31 12:26:30,0.3920,bad_forward,THRESH
2026-05-31 12:26:31,0.4968,good,THRESH
2026-05-31 12:26:39,0.4853,good,THRESH
2026-05-31 12:26:40,0.4887,good,THRESH
2026-05-31 12:26:41,0.4839,good,THRESH
2026-05-31 12:26:42,0.4854,good,THRESH
2026-05-31 12:26:43,0.4839,good,THRESH
2026-05-31 12:26:44,0.4791,good,THRESH
2026-05-31 12:26:45,0.4299,good,THRESH
2026-05-31 12:26:46,0.4140,good,THRESH
2026-05-31 12:26:47,0.4127,good,THRESH
2026-05-31 12:26:48,0.4140,good,THRESH
2026-05-31 12:26:49,0.4159,good,THRESH
2026-05-31 12:26:50,0.4127,good,THRESH
2026-05-31 12:26:51,0.4127,good,THRESH
2026-05-31 12:26:52,0.4127,good,THRESH
2026-05-31 12:26:53,0.4554,good,THRESH
2026-05-31 12:26:54,0.4715,good,THRESH
2026-05-31 12:26:55,0.4766,good,THRESH
2026-05-31 12:26:56,0.4932,good,THRESH
2026-05-31 12:26:57,0.4804,good,THRESH
2026-05-31 12:26:58,0.4913,good,THRESH
2026-05-31 12:27:00,0.4983,good,THRESH
2026-05-31 12:27:01,0.4948,good,THRESH
2026-05-31 12:27:02,0.4965,good,THRESH
2026-05-31 12:27:03,0.4931,good,THRESH
2026-05-31 12:27:04,0.4931,good,THRESH
2026-05-31 12:27:05,0.4931,good,THRESH
2026-05-31 12:27:06,0.4931,good,THRESH
2026-05-31 12:27:07,0.4948,good,THRESH
2026-05-31 12:27:08,0.4982,good,THRESH
2026-05-31 12:27:09,0.4829,good,THRESH
2026-05-31 12:27:10,0.4133,good,THRESH
2026-05-31 12:27:11,0.3988,bad_forward,THRESH
2026-05-31 12:27:12,0.3634,bad_forward,THRESH
2026-05-31 12:27:13,0.3584,bad_forward,THRESH
2026-05-31 12:27:14,0.3613,bad_forward,THRESH
2026-05-31 12:27:15,0.3594,bad_forward,THRESH
2026-05-31 12:27:16,0.3584,bad_forward,THRESH
2026-05-31 12:27:17,0.3613,bad_forward,THRESH
2026-05-31 12:27:18,0.3594,bad_forward,THRESH
2026-05-31 12:27:19,0.3584,bad_forward,THRESH
2026-05-31 12:27:20,0.3545,bad_forward,THRESH
2026-05-31 12:27:21,0.3584,bad_forward,THRESH
2026-05-31 12:27:22,0.3545,bad_forward,THRESH
2026-05-31 12:27:23,0.3565,bad_forward,THRESH
2026-05-31 12:27:24,0.4759,good,THRESH
2026-05-31 12:27:25,0.4752,good,THRESH
2026-05-31 12:27:26,0.4236,good,THRESH
2026-05-31 12:27:27,0.3981,bad_forward,THRESH
2026-05-31 12:27:28,0.3951,bad_forward,THRESH
2026-05-31 12:27:29,0.3963,bad_forward,THRESH
2026-05-31 12:27:30,0.3901,bad_forward,THRESH
2026-05-31 12:27:31,0.3870,bad_forward,THRESH
2026-05-31 12:27:32,0.3839,bad_forward,THRESH
2026-05-31 12:27:33,0.3858,bad_forward,THRESH
2026-05-31 12:27:34,0.3827,bad_forward,THRESH
2026-05-31 12:27:35,0.3796,bad_forward,THRESH
2026-05-31 12:27:36,0.3815,bad_forward,THRESH
2026-05-31 12:27:37,0.3796,bad_forward,THRESH
2026-05-31 12:27:38,0.3804,bad_forward,THRESH
2026-05-31 12:27:39,0.4277,good,THRESH
2026-05-31 12:27:40,0.4276,good,THRESH
2026-05-31 12:27:41,0.3773,bad_forward,THRESH
2026-05-31 12:27:42,0.3841,bad_forward,THRESH
2026-05-31 12:27:43,0.3783,bad_forward,THRESH
2026-05-31 12:27:44,0.3683,bad_forward,THRESH
2026-05-31 12:27:45,0.3642,bad_forward,THRESH
2026-05-31 12:27:46,0.3662,bad_forward,THRESH
2026-05-31 12:27:47,0.3654,bad_forward,THRESH
2026-05-31 12:27:48,0.3610,bad_forward,THRESH
2026-05-31 12:27:49,0.3633,bad_forward,THRESH
2026-05-31 12:27:50,0.3622,bad_forward,THRESH
2026-05-31 12:27:51,0.3633,bad_forward,THRESH
2026-05-31 12:27:52,0.3645,bad_forward,THRESH
2026-05-31 12:27:54,0.3651,bad_forward,THRESH
2026-05-31 12:27:55,0.4493,good,THRESH
2026-05-31 12:27:56,0.4013,good,THRESH
2026-05-31 12:27:57,0.3867,bad_forward,THRESH
2026-05-31 12:27:58,0.3800,bad_forward,THRESH
2026-05-31 12:27:59,0.3787,bad_forward,THRESH
2026-05-31 12:28:00,0.3993,bad_forward,THRESH
2026-05-31 12:28:01,0.4781,good,THRESH
2026-05-31 12:28:02,0.4811,good,THRESH
2026-05-31 12:28:03,0.4724,good,THRESH
2026-05-31 12:28:04,0.4365,good,THRESH
2026-05-31 12:28:05,0.4365,good,THRESH
2026-05-31 12:28:06,0.4365,good,THRESH
2026-05-31 12:28:07,0.4257,good,THRESH
2026-05-31 12:28:08,0.4309,good,THRESH
2026-05-31 12:28:09,0.3993,bad_forward,THRESH
2026-05-31 12:28:10,0.3693,bad_forward,THRESH
2026-05-31 12:28:11,0.3674,bad_forward,THRESH
2026-05-31 12:28:12,0.3694,bad_forward,THRESH
2026-05-31 12:28:13,0.3711,bad_forward,THRESH
2026-05-31 12:28:14,0.3750,bad_forward,THRESH
2026-05-31 12:28:15,0.3683,bad_forward,THRESH
2026-05-31 12:28:16,0.3671,bad_forward,THRESH
2026-05-31 12:28:18,0.3714,bad_forward,THRESH
2026-05-31 12:28:19,0.3674,bad_forward,THRESH
2026-05-31 12:28:20,0.3703,bad_forward,THRESH
2026-05-31 12:28:21,0.4653,good,THRESH
2026-05-31 12:28:22,0.4834,good,THRESH
2026-05-31 12:28:23,0.4784,good,THRESH
2026-05-31 12:28:24,0.4867,good,THRESH
2026-05-31 12:28:25,0.4850,good,THRESH
2026-05-31 12:28:26,0.4868,good,THRESH
2026-05-31 12:28:27,0.4785,good,THRESH
2026-05-31 12:28:28,0.4817,good,THRESH
2026-05-31 12:28:29,0.4768,good,THRESH
2026-05-31 12:28:30,0.4702,good,THRESH
2026-05-31 12:28:31,0.4713,good,THRESH
2026-05-31 12:28:32,0.4667,good,THRESH
2026-05-31 12:28:33,0.4681,good,THRESH
2026-05-31 12:28:34,0.4681,good,THRESH
2026-05-31 12:28:35,0.4590,good,THRESH
2026-05-31 12:28:36,0.4532,good,THRESH
2026-05-31 12:28:37,0.4592,good,THRESH
2026-05-31 12:28:38,0.4611,good,THRESH
2026-05-31 12:28:39,0.4627,good,THRESH
2026-05-31 12:28:40,0.4629,good,THRESH
2026-05-31 12:28:41,0.4641,good,THRESH
2026-05-31 12:28:42,0.4634,good,THRESH
2026-05-31 12:28:43,0.4620,good,THRESH
2026-05-31 12:28:44,0.4559,good,THRESH
2026-05-31 12:28:45,0.4641,good,THRESH
2026-05-31 12:28:46,0.4641,good,THRESH
2026-05-31 12:28:47,0.4627,good,THRESH
2026-05-31 12:28:48,0.4629,good,THRESH
2026-05-31 12:28:49,0.4627,good,THRESH
2026-05-31 12:28:50,0.4586,good,THRESH
2026-05-31 12:28:51,0.4581,good,THRESH
2026-05-31 12:28:52,0.4599,good,THRESH
2026-05-31 12:28:53,0.4513,good,THRESH
2026-05-31 12:28:54,0.4256,good,THRESH
2026-05-31 12:28:55,0.4174,good,THRESH
2026-05-31 12:28:56,0.4199,good,THRESH
2026-05-31 12:28:58,0.4187,good,THRESH
2026-05-31 12:28:59,0.4169,good,THRESH
2026-05-31 12:29:00,0.4518,good,THRESH
2026-05-31 12:29:01,0.4488,good,THRESH
2026-05-31 12:29:02,0.4502,good,THRESH
2026-05-31 12:29:03,0.4529,good,THRESH
2026-05-31 12:29:04,0.4647,good,THRESH
2026-05-31 12:29:05,0.4776,good,THRESH
2026-05-31 12:29:06,0.4841,good,THRESH
2026-05-31 12:29:07,0.4873,good,THRESH
2026-05-31 12:29:08,0.4814,good,THRESH
2026-05-31 12:29:09,0.4840,good,THRESH
2026-05-31 12:29:10,0.4763,good,THRESH
2026-05-31 12:29:11,0.4762,good,THRESH
2026-05-31 12:29:12,0.4778,good,THRESH
2026-05-31 12:29:13,0.4778,good,THRESH
2026-05-31 12:29:14,0.4780,good,THRESH
2026-05-31 12:29:15,0.4781,good,THRESH
2026-05-31 12:29:16,0.4795,good,THRESH
2026-05-31 12:29:17,0.4824,good,THRESH
2026-05-31 12:29:18,0.4728,good,THRESH
2026-05-31 12:29:19,0.4682,good,THRESH
2026-05-31 12:29:20,0.4591,good,THRESH
2026-05-31 12:29:21,0.4557,good,THRESH
2026-05-31 12:29:22,0.4543,good,THRESH
2026-05-31 12:29:23,0.4554,good,THRESH
2026-05-31 12:29:24,0.4635,good,THRESH
2026-05-31 12:29:25,0.4540,good,THRESH
2026-05-31 12:29:27,0.4618,good,THRESH
2026-05-31 12:29:28,0.4811,good,THRESH
2026-05-31 12:29:29,0.4738,good,THRESH
2026-05-31 12:29:30,0.4772,good,THRESH
2026-05-31 12:29:31,0.4756,good,THRESH
2026-05-31 12:29:32,0.4699,good,THRESH
2026-05-31 12:29:33,0.4715,good,THRESH
2026-05-31 12:29:34,0.4655,good,THRESH
2026-05-31 12:29:35,0.4713,good,THRESH
2026-05-31 12:29:36,0.4726,good,THRESH
2026-05-31 12:29:37,0.4726,good,THRESH
2026-05-31 12:29:38,0.4726,good,THRESH
2026-05-31 12:29:39,0.4536,good,THRESH
2026-05-31 12:29:40,0.3592,bad_forward,THRESH
2026-05-31 12:29:41,0.3555,bad_forward,THRESH
2026-05-31 12:29:42,0.3536,bad_forward,THRESH
2026-05-31 12:29:43,0.4012,good,THRESH
2026-05-31 12:29:44,0.4770,good,THRESH
2026-05-31 12:29:45,0.4490,good,THRESH
2026-05-31 12:29:46,0.4490,good,THRESH
2026-05-31 12:29:47,0.4566,good,THRESH
2026-05-31 12:29:48,0.4519,good,THRESH
2026-05-31 12:29:49,0.4484,good,THRESH
2026-05-31 12:29:50,0.4569,good,THRESH
2026-05-31 12:29:51,0.4505,good,THRESH
2026-05-31 12:29:52,0.4522,good,THRESH
2026-05-31 12:29:53,0.4473,good,THRESH
2026-05-31 12:29:54,0.4490,good,THRESH
2026-05-31 12:29:55,0.4505,good,THRESH
2026-05-31 12:29:56,0.4519,good,THRESH
2026-05-31 12:29:57,0.4487,good,THRESH
2026-05-31 12:29:58,0.4405,good,THRESH
2026-05-31 12:29:59,0.4519,good,THRESH
2026-05-31 12:30:00,0.4452,good,THRESH
2026-05-31 12:30:01,0.4469,good,THRESH
2026-05-31 12:30:02,0.4419,good,THRESH
2026-05-31 12:30:03,0.4502,good,THRESH
2026-05-31 12:30:05,0.4516,good,THRESH
2026-05-31 12:30:06,0.4484,good,THRESH
2026-05-31 12:30:07,0.4469,good,THRESH
2026-05-31 12:30:08,0.4455,good,THRESH
2026-05-31 12:30:09,0.4434,good,THRESH
2026-05-31 12:30:10,0.4484,good,THRESH
2026-05-31 12:30:11,0.4419,good,THRESH
2026-05-31 12:30:12,0.4405,good,THRESH
2026-05-31 12:30:13,0.4405,good,THRESH
2026-05-31 12:30:14,0.4452,good,THRESH
2026-05-31 12:30:15,0.4434,good,THRESH
2026-05-31 12:30:16,0.4419,good,THRESH
2026-05-31 12:30:17,0.4498,good,THRESH
